,Company Name,NSE,Market Cap,Current Price,High / Low,Stock P/E,Book Value,Dividend Yield,ROCE,ROE,Face Value
0,3M India,3MINDIA,"Rs. 22,781 Cr.","Rs. 20,214","Rs. 25,209 / 15,686",242,"Rs. 1,842",0.00%,16.20%,11.10%,Rs. 10.0
1,Aarti Ind,AARTIIND,"Rs. 18,764 Cr.","Rs. 1,077","Rs. 1,229 / 662",40.1,Rs. 167,0.32%,15.30%,18.90%,Rs. 5.00
2,AAVAS Financier,AAVAS,"Rs. 11,237 Cr.","Rs. 1,434","Rs. 2,101 / 846",46,Rs. 283,0.00%,10.20%,12.70%,Rs. 10.0
3,AB Capital,ABCAPITAL,"Rs. 16,781 Cr.",Rs. 69.5,Rs. 115 / 37.4,234,Rs. 39.3,0.00%,1.47%,0.70%,Rs. 10.0
4,ABB India,ABB,"Rs. 18,948 Cr.",Rs. 894,"Rs. 1,412 / 722",97.9,Rs. 169,0.54%,14.20%,9.19%,Rs. 2.00
5,Abbott India,ABBOTINDIA,"Rs. 33,522 Cr.","Rs. 15,775","Rs. 18,680 / 11,350",51.1,"Rs. 1,144",0.68%,35.20%,26.70%,Rs. 10.0
6,ACC,ACC,"Rs. 31,913 Cr.","Rs. 1,699","Rs. 1,703 / 895",26.2,Rs. 631,0.82%,19.00%,12.20%,Rs. 10.0
7,Adani Enterpris,ADANIENT,"Rs. 38,796 Cr.",Rs. 353,Rs. 360 / 116,154,Rs. 35.3,0.28%,15.90%,13.30%,Rs. 1.00
8,Adani Ports,ADANIPORTS,"Rs. 74,901 Cr.",Rs. 369,Rs. 405 / 203,38.6,Rs. 103,0.87%,11.30%,9.40%,Rs. 2.00
9,Adani Power,ADANIPOWER,"Rs. 14,039 Cr.",Rs. 36.4,Rs. 72.1 / 23.0,,Rs. 40.7,0.00%,4.99%,-4.14%,Rs. 10.0
10,Adani Trans,ADANITRANS,"Rs. 32,917 Cr.",Rs. 299,Rs. 366 / 148,"2,594",Rs. 37.4,0.00%,7.60%,-4.38%,Rs. 10.0
11,Aditya Birla F,ABFRL,"Rs. 12,862 Cr.",Rs. 155,Rs. 281 / 95.6,,Rs. 15.3,0.00%,9.55%,-9.19%,Rs. 10.0
12,Advanced Enzyme,ADVENZYMES,"Rs. 3,353 Cr.",Rs. 300,Rs. 385 / 91.0,55.9,Rs. 33.2,0.20%,21.50%,16.80%,Rs. 2.00
13,Aegis Logistics,AEGISCHEM,"Rs. 7,133 Cr.",Rs. 207,Rs. 267 / 107,108,Rs. 30.2,0.82%,2.30%,2.73%,Rs. 1.00
14,AFL,ARVINDFASN,"Rs. 1,231 Cr.",Rs. 125,Rs. 338 / 110,,Rs. 137,0.00%,3.30%,1.09%,Rs. 4.00
15,AGL,ADANIGAS,"Rs. 25,895 Cr.",Rs. 235,Rs. 237 / 76.6,60.8,Rs. 15.1,0.11%,34.30%,33.30%,Rs. 1.00
16,AIA Engineering,AIAENG,"Rs. 16,507 Cr.","Rs. 1,750","Rs. 1,990 / 1,102",20.8,Rs. 411,1.54%,26.50%,23.70%,Rs. 2.00
17,Ajanta Pharma,AJANTPHARM,"Rs. 14,063 Cr.","Rs. 1,611","Rs. 1,760 / 942",26.1,Rs. 321,0.81%,27.20%,19.30%,Rs. 2.00
18,Akzo Nobel,AKZOINDIA,"Rs. 8,802 Cr.","Rs. 1,933","Rs. 2,515 / 1,730",53.8,Rs. 272,0.72%,27.20%,20.00%,Rs. 10.0
19,Alembic Pharma,APLLTD,"Rs. 19,548 Cr.",Rs. 994,"Rs. 1,129 / 435",16,Rs. 241,0.70%,27.30%,32.20%,Rs. 2.00
20,Alkem Lab,ALKEM,"Rs. 32,888 Cr.","Rs. 2,751","Rs. 3,090 / 1,881",22.2,Rs. 525,0.91%,20.30%,21.50%,Rs. 2.00
21,Alkyl Amines,ALKYLAMINE,"Rs. 6,450 Cr.","Rs. 3,160","Rs. 3,600 / 945",31.1,Rs. 263,0.63%,41.10%,42.00%,Rs. 5.00
22,Allcargo,ALLCARGO,"Rs. 2,929 Cr.",Rs. 119,Rs. 140 / 48.6,16.2,Rs. 59.9,2.52%,8.09%,8.13%,Rs. 2.00
23,Alok Industries,ALOKINDS,"Rs. 11,346 Cr.",Rs. 22.8,Rs. 61.4 / 1.73,,Rs. -21.5,0.00%,-5.13%,%,Rs. 1.00
24,Amara Raja Batt,AMARAJABAT,"Rs. 13,685 Cr.",Rs. 801,Rs. 814 / 349,24.2,Rs. 230,1.37%,23.50%,18.60%,Rs. 1.00
25,Amber Enterpris,AMBER,"Rs. 7,638 Cr.","Rs. 2,267","Rs. 2,545 / 921",151,Rs. 321,0.14%,12.50%,11.40%,Rs. 10.0
26,Ambuja Cements,AMBUJACEM,"Rs. 50,783 Cr.",Rs. 256,Rs. 266 / 137,29,Rs. 115,6.65%,9.37%,7.06%,Rs. 2.00
27,APL Apollo,APLAPOLLO,"Rs. 8,077 Cr.","Rs. 3,239","Rs. 3,274 / 1,025",72.5,Rs. 533,0.00%,11.00%,10.10%,Rs. 10.0
28,Apollo Hospital,APOLLOHOSP,"Rs. 29,531 Cr.","Rs. 2,123","Rs. 2,333 / 1,047",248,Rs. 287,0.28%,13.30%,9.11%,Rs. 5.00
29,Apollo Tyres,APOLLOTYRE,"Rs. 8,455 Cr.",Rs. 148,Rs. 182 / 73.4,19.9,Rs. 146,2.03%,7.21%,6.63%,Rs. 1.00
30,Ashok Leyland,ASHOKLEY,"Rs. 25,055 Cr.",Rs. 85.4,Rs. 87.5 / 33.7,,Rs. 24.8,0.59%,6.20%,4.22%,Rs. 1.00
31,Ashoka Buildcon,ASHOKA,"Rs. 1,742 Cr.",Rs. 62.0,Rs. 122 / 37.0,4.45,Rs. 92.6,0.00%,20.40%,16.00%,Rs. 5.00
32,Asian Paints,ASIANPAINT,"Rs. 214,697 Cr.","Rs. 2,238","Rs. 2,246 / 1,431",94.2,Rs. 108,0.54%,35.90%,29.20%,Rs. 1.00
33,Aster DM Health,ASTERDM,"Rs. 6,688 Cr.",Rs. 134,Rs. 182 / 78.0,134,Rs. 51.2,0.00%,3.52%,2.40%,Rs. 10.0
34,Astral Poly Tec,ASTRAL,"Rs. 17,303 Cr.","Rs. 1,148","Rs. 1,315 / 746",93.5,Rs. 88.4,0.09%,21.20%,16.80%,Rs. 1.00
35,AstraZeneca,ASTRAZEN,"Rs. 10,736 Cr.","Rs. 4,294","Rs. 4,970 / 1,885",132,Rs. 162,0.05%,33.90%,21.70%,Rs. 2.00
36,Atul,ATUL,"Rs. 18,078 Cr.","Rs. 6,095","Rs. 7,021 / 2,923",30.7,"Rs. 1,165",0.25%,27.60%,22.00%,Rs. 10.0
37,AU Small Financ,AUBANK,"Rs. 23,231 Cr.",Rs. 758,"Rs. 1,218 / 366",27.8,Rs. 141,0.00%,9.17%,18.60%,Rs. 10.0
38,Aurobindo Pharm,AUROPHARMA,"Rs. 46,362 Cr.",Rs. 791,Rs. 968 / 281,20.5,Rs. 222,0.38%,16.10%,15.40%,Rs. 1.00
39,Avanti Feeds,AVANTIFEED,"Rs. 6,664 Cr.",Rs. 489,Rs. 770 / 250,22.8,Rs. 88.0,1.04%,32.60%,24.70%,Rs. 1.00
40,Avenue Supermar,DMART,"Rs. 147,819 Cr.","Rs. 2,282","Rs. 2,560 / 1,700",157,Rs. 176,0.00%,20.70%,16.00%,Rs. 10.0
41,Axis Bank,AXISBANK,"Rs. 165,036 Cr.",Rs. 539,Rs. 766 / 285,52.2,Rs. 278,0.00%,5.16%,2.15%,Rs. 2.00
42,Bajaj Auto,BAJAJ-AUTO,"Rs. 85,343 Cr.","Rs. 2,949","Rs. 3,315 / 1,789",20.1,Rs. 758,4.07%,31.30%,24.40%,Rs. 10.0
43,Bajaj Consumer,BAJAJCON,"Rs. 2,747 Cr.",Rs. 186,Rs. 259 / 117,14.8,Rs. 51.4,1.07%,38.70%,32.60%,Rs. 1.00
44,Bajaj Electric,BAJAJELEC,"Rs. 5,749 Cr.",Rs. 505,Rs. 545 / 260,203,Rs. 121,0.00%,7.47%,-0.01%,Rs. 2.00
45,Bajaj Finance,BAJFINANCE,"Rs. 225,181 Cr.","Rs. 3,737","Rs. 4,923 / 1,783",54.6,Rs. 557,0.27%,12.20%,19.00%,Rs. 2.00
46,Bajaj Finserv,BAJAJFINSV,"Rs. 96,360 Cr.","Rs. 6,055","Rs. 10,297 / 3,985",298,Rs. 226,0.08%,20.40%,20.00%,Rs. 5.00
47,Bajaj Holdings,BAJAJHLDNG,"Rs. 26,365 Cr.","Rs. 2,369","Rs. 3,950 / 1,460",21.1,"Rs. 1,085",1.69%,19.00%,16.80%,Rs. 10.0
48,Balkrishna Ind,BALKRISIND,"Rs. 27,301 Cr.","Rs. 1,412","Rs. 1,515 / 678",30.6,Rs. 260,1.42%,18.70%,18.50%,Rs. 2.00
49,Balmer Lawrie,BALMLAWRIE,"Rs. 1,726 Cr.",Rs. 101,Rs. 139 / 69.0,12.1,Rs. 77.2,7.43%,18.00%,13.50%,Rs. 10.0
50,Balrampur Chini,BALRAMCHIN,"Rs. 3,149 Cr.",Rs. 150,Rs. 195 / 68.8,6.12,Rs. 112,1.67%,15.80%,22.40%,Rs. 1.00
51,Bandhan Bank,BANDHANBNK,"Rs. 51,693 Cr.",Rs. 321,Rs. 597 / 152,19,Rs. 94.4,0.00%,12.00%,22.90%,Rs. 10.0
52,Bank of Baroda,BANKBARODA,"Rs. 21,139 Cr.",Rs. 45.8,Rs. 108 / 36.0,,Rs. 156,0.00%,5.02%,0.92%,Rs. 2.00
53,Bank of India,BANKINDIA,"Rs. 13,059 Cr.",Rs. 39.8,Rs. 79.8 / 30.4,,Rs. 134,0.00%,3.60%,-7.03%,Rs. 10.0
54,Bank of Mah,MAHABANK,"Rs. 7,315 Cr.",Rs. 11.2,Rs. 15.4 / 7.71,17.2,Rs. 16.4,0.00%,4.33%,4.71%,Rs. 10.0
55,BASF,BASF,"Rs. 6,429 Cr.","Rs. 1,485","Rs. 1,875 / 795",82.5,Rs. 405,0.20%,5.10%,3.30%,Rs. 10.0
56,Bata India,BATAINDIA,"Rs. 17,156 Cr.","Rs. 1,335","Rs. 1,897 / 1,000",137,Rs. 148,0.30%,25.20%,18.10%,Rs. 5.00
57,Bayer CropScien,BAYERCROP,"Rs. 24,926 Cr.","Rs. 5,546","Rs. 6,601 / 2,925",36.9,Rs. 572,1.62%,30.00%,23.80%,Rs. 10.0
58,BEML,BEML,"Rs. 2,568 Cr.",Rs. 617,"Rs. 1,080 / 370",79.1,Rs. 542,0.97%,2.48%,3.07%,Rs. 10.0
59,Berger Paints,BERGEPAINT,"Rs. 62,862 Cr.",Rs. 647,Rs. 651 / 389,104,Rs. 29.2,0.34%,31.50%,27.60%,Rs. 1.00
60,Bharat Dynamics,BDL,"Rs. 5,437 Cr.",Rs. 297,Rs. 482 / 145,13.9,Rs. 142,2.97%,30.60%,21.90%,Rs. 10.0
61,Bharat Elec,BEL,"Rs. 22,636 Cr.",Rs. 92.9,Rs. 118 / 56.0,13.8,Rs. 40.4,3.01%,26.30%,19.00%,Rs. 1.00
62,Bharat Forge,BHARATFORG,"Rs. 22,029 Cr.",Rs. 473,Rs. 534 / 208,66.3,Rs. 115,0.74%,9.20%,9.52%,Rs. 2.00
63,Bharti Airtel,BHARTIARTL,"Rs. 249,483 Cr.",Rs. 457,Rs. 612 / 350,,Rs. 152,0.44%,0.99%,5.46%,Rs. 5.00
64,Bharti Infratel,INFRATEL,"Rs. 32,951 Cr.",Rs. 178,Rs. 296 / 120,15.8,Rs. 75.4,5.89%,14.20%,10.20%,Rs. 10.0
65,BHEL,BHEL,"Rs. 9,889 Cr.",Rs. 28.4,Rs. 57.8 / 18.4,,Rs. 83.8,0.00%,-0.20%,-4.91%,Rs. 2.00
66,Biocon,BIOCON,"Rs. 49,596 Cr.",Rs. 413,Rs. 478 / 236,145,Rs. 64.7,0.00%,5.30%,4.16%,Rs. 5.00
67,Birla Corp,BIRLACORPN,"Rs. 4,951 Cr.",Rs. 643,Rs. 808 / 372,19.2,Rs. 576,1.17%,9.97%,7.32%,Rs. 10.0
68,Birlasoft,BSOFT,"Rs. 5,157 Cr.",Rs. 186,Rs. 211 / 46.7,32,Rs. 46.8,1.07%,17.70%,11.30%,Rs. 2.00
69,Bliss GVS,BLISSGVS,"Rs. 1,743 Cr.",Rs. 169,Rs. 182 / 81.2,23,Rs. 69.7,0.30%,17.30%,14.30%,Rs. 1.00
70,Blue Dart,BLUEDART,"Rs. 8,918 Cr.","Rs. 3,758","Rs. 3,995 / 1,822",,Rs. 209,0.00%,6.70%,4.17%,Rs. 10.0
71,Blue Star,BLUESTARCO,"Rs. 6,209 Cr.",Rs. 645,Rs. 888 / 409,526,Rs. 85.9,1.55%,15.00%,13.70%,Rs. 2.00
72,Bombay Burmah,BBTC,"Rs. 8,504 Cr.","Rs. 1,219","Rs. 1,567 / 535",283,Rs. 33.5,0.10%,2.93%,-6.93%,Rs. 2.00
73,Bombay Dyeing,BOMDYEING,"Rs. 1,283 Cr.",Rs. 62.1,Rs. 102 / 36.0,,Rs. 6.29,0.32%,8.26%,270%,Rs. 2.00
74,Bosch,BOSCHLTD,"Rs. 35,403 Cr.","Rs. 12,004","Rs. 17,260 / 7,850",70.6,"Rs. 3,143",0.87%,18.50%,12.00%,Rs. 10.0
75,BPCL,BPCL,"Rs. 79,460 Cr.",Rs. 366,Rs. 550 / 252,14.7,Rs. 174,4.50%,8.09%,10.00%,Rs. 10.0
76,Brigade Ent,BRIGADE,"Rs. 4,202 Cr.",Rs. 204,Rs. 255 / 90.5,20.6,Rs. 123,0.49%,12.70%,11.20%,Rs. 10.0
77,Britannia,BRITANNIA,"Rs. 84,286 Cr.","Rs. 3,499","Rs. 4,015 / 2,100",49,Rs. 103,2.37%,41.10%,35.40%,Rs. 1.00
78,Cadila Health,CADILAHC,"Rs. 45,342 Cr.",Rs. 443,Rs. 464 / 202,25,Rs. 118,0.79%,13.80%,14.40%,Rs. 1.00
79,Can Fin Homes,CANFINHOME,"Rs. 6,180 Cr.",Rs. 464,Rs. 519 / 253,14.8,Rs. 177,0.43%,9.41%,19.10%,Rs. 2.00
80,Canara Bank,CANBK,"Rs. 13,300 Cr.",Rs. 91.5,Rs. 234 / 73.6,,Rs. 270,0.00%,4.92%,-5.92%,Rs. 10.0
81,Caplin Labs,CAPLIPOINT,"Rs. 3,762 Cr.",Rs. 497,Rs. 686 / 176,20.8,Rs. 90.7,0.50%,48.10%,37.60%,Rs. 2.00
82,Capri Global,CGCL,"Rs. 4,425 Cr.",Rs. 253,Rs. 255 / 115,32,Rs. 84.6,0.08%,11.60%,9.59%,Rs. 2.00
83,Carborundum,CARBORUNIV,"Rs. 5,720 Cr.",Rs. 302,Rs. 362 / 175,35,Rs. 75.4,0.91%,17.80%,14.20%,Rs. 1.00
84,CARE Ratings,CARERATING,"Rs. 1,191 Cr.",Rs. 404,Rs. 727 / 235,15.2,Rs. 195,4.82%,19.50%,15.50%,Rs. 10.0
85,Castrol,CASTROLIND,"Rs. 10,969 Cr.",Rs. 111,Rs. 162 / 89.6,16.5,Rs. 12.8,4.96%,90.70%,65.40%,Rs. 5.00
86,CCL Products,CCL,"Rs. 3,335 Cr.",Rs. 251,Rs. 294 / 137,19.7,Rs. 62.4,1.40%,27.60%,33.20%,Rs. 2.00
87,Ceat,CEATLTD,"Rs. 4,489 Cr.","Rs. 1,110","Rs. 1,249 / 600",14.9,Rs. 716,1.08%,11.30%,10.20%,Rs. 10.0
88,Central Bank,CENTRALBK,"Rs. 6,551 Cr.",Rs. 11.2,Rs. 23.9 / 10.0,,Rs. 36.5,0.00%,4.53%,-5.45%,Rs. 10.0
89,Century,CENTURYTEX,"Rs. 3,475 Cr.",Rs. 311,Rs. 657 / 219,24,Rs. 318,0.96%,9.71%,13.10%,Rs. 10.0
90,CenturyPlyboard,CENTURYPLY,"Rs. 4,048 Cr.",Rs. 182,Rs. 197 / 95.0,39.9,Rs. 48.3,0.55%,17.10%,15.10%,Rs. 1.00
91,Cera Sanitary,CERA,"Rs. 3,595 Cr.","Rs. 2,764","Rs. 2,828 / 1,986",36,Rs. 594,0.47%,19.00%,15.80%,Rs. 5.00
92,CESC,CESC,"Rs. 7,635 Cr.",Rs. 576,Rs. 787 / 365,9.14,Rs. 757,3.47%,10.60%,8.96%,Rs. 10.0
93,CG Consumer,CROMPTON,"Rs. 19,400 Cr.",Rs. 309,Rs. 329 / 177,41.1,Rs. 26.9,0.97%,35.30%,38.60%,Rs. 2.00
94,Chalet Hotels,CHALET,"Rs. 2,844 Cr.",Rs. 139,Rs. 402 / 99.0,74.6,Rs. 81.0,0.00%,7.44%,5.54%,Rs. 10.0
95,Chambal Fert,CHAMBLFERT,"Rs. 6,884 Cr.",Rs. 165,Rs. 186 / 93.8,5.31,Rs. 114,2.42%,14.20%,33.40%,Rs. 10.0
96,Chennai Petro,CHENNPETRO,"Rs. 1,129 Cr.",Rs. 75.8,Rs. 169 / 47.6,,Rs. 118,0.00%,-26.20%,-73.90%,Rs. 10.0
97,Cholamandalam,CHOLAFIN,"Rs. 25,086 Cr.",Rs. 306,Rs. 349 / 117,19.4,Rs. 110,0.56%,10.30%,14.70%,Rs. 2.00
98,Cholamandalam,CHOLAHLDNG,"Rs. 7,680 Cr.",Rs. 409,Rs. 570 / 222,135,Rs. 59.2,0.16%,7.42%,7.64%,Rs. 1.00
99,Cipla,CIPLA,"Rs. 63,985 Cr.",Rs. 794,Rs. 829 / 355,28.6,Rs. 216,0.38%,17.30%,13.40%,Rs. 2.00
100,City Union Bank,CUB,"Rs. 11,925 Cr.",Rs. 162,Rs. 249 / 110,29.2,Rs. 71.7,0.31%,6.70%,9.40%,Rs. 1.00
101,Coal India,COALINDIA,"Rs. 73,860 Cr.",Rs. 120,Rs. 216 / 110,6.59,Rs. 27.3,10.00%,73.40%,73.20%,Rs. 10.0
102,Cochin Shipyard,COCHINSHIP,"Rs. 4,416 Cr.",Rs. 336,Rs. 492 / 209,7.89,Rs. 284,4.95%,24.90%,18.00%,Rs. 10.0
103,COFORGE LTD.,COFORGE,"Rs. 13,313 Cr.","Rs. 2,198","Rs. 2,814 / 735",32.8,Rs. 280,1.41%,21.80%,18.70%,Rs. 10.0
104,Colgate,COLPAL,"Rs. 40,308 Cr.","Rs. 1,482","Rs. 1,643 / 1,065",46,Rs. 60.0,1.89%,67.40%,53.70%,Rs. 1.00
105,Container Corp,CONCOR,"Rs. 24,817 Cr.",Rs. 407,Rs. 605 / 263,33.8,Rs. 169,0.88%,13.60%,9.15%,Rs. 5.00
106,Coromandel Int,COROMANDEL,"Rs. 21,834 Cr.",Rs. 745,Rs. 839 / 443,16.5,Rs. 167,1.61%,26.00%,27.20%,Rs. 1.00
107,CreditAccess Gr,CREDITACC,"Rs. 10,097 Cr.",Rs. 649,"Rs. 1,001 / 305",34.2,Rs. 172,0.00%,11.60%,13.00%,Rs. 10.0
108,CRISIL,CRISIL,"Rs. 14,506 Cr.","Rs. 1,998","Rs. 2,125 / 1,053",51,Rs. 105,1.60%,46.90%,33.10%,Rs. 1.00
109,Cummins,CUMMINSIND,"Rs. 12,595 Cr.",Rs. 454,Rs. 653 / 280,24.3,Rs. 151,3.08%,16.90%,15.00%,Rs. 2.00
110,Cyient,CYIENT,"Rs. 4,492 Cr.",Rs. 408,Rs. 514 / 184,18.1,Rs. 206,3.67%,15.60%,11.40%,Rs. 5.00
111,Dabur India,DABUR,"Rs. 91,826 Cr.",Rs. 520,Rs. 535 / 385,71.1,Rs. 28.3,0.58%,33.90%,29.00%,Rs. 1.00
112,Dalmia Bharat,DALBHARAT,"Rs. 16,300 Cr.",Rs. 873,Rs. 919 / 403,179,Rs. 388,0.23%,1.55%,1.33%,Rs. 2.00
113,DB Corp,DBCORP,"Rs. 1,292 Cr.",Rs. 73.8,Rs. 153 / 58.0,15,Rs. 95.1,13.50%,19.20%,15.70%,Rs. 10.0
114,DCB Bank,DCBBANK,"Rs. 2,535 Cr.",Rs. 81.6,Rs. 205 / 58.0,7.75,Rs. 110,0.00%,7.74%,10.40%,Rs. 10.0
115,DCM Shriram,DCMSHRIRAM,"Rs. 4,954 Cr.",Rs. 318,Rs. 431 / 173,8.51,Rs. 275,2.58%,18.80%,19.20%,Rs. 2.00
116,Deepak Fert,DEEPAKFERT,"Rs. 1,478 Cr.",Rs. 144,Rs. 187 / 55.3,9.46,Rs. 171,2.08%,2.62%,-1.02%,Rs. 10.0
117,Deepak Nitrite,DEEPAKNTR,"Rs. 10,255 Cr.",Rs. 752,Rs. 888 / 310,24.8,Rs. 121,0.60%,47.40%,43.00%,Rs. 2.00
118,Delta Corp,DELTACORP,"Rs. 3,006 Cr.",Rs. 113,Rs. 225 / 53.8,33.6,Rs. 71.8,1.33%,9.91%,6.56%,Rs. 1.00
119,Dhanuka Agritec,DHANUKA,"Rs. 3,479 Cr.",Rs. 731,Rs. 936 / 261,18.4,Rs. 174,1.64%,26.30%,20.90%,Rs. 2.00
120,Dilip Buildcon,DBL,"Rs. 4,570 Cr.",Rs. 334,Rs. 442 / 190,14,Rs. 264,0.30%,17.30%,12.30%,Rs. 10.0
121,Dish TV,DISHTV,"Rs. 2,117 Cr.",Rs. 11.5,Rs. 19.5 / 3.90,2.87,Rs. 22.0,0.00%,8.47%,11.50%,Rs. 1.00
122,Dishman Carboge,DCAL,"Rs. 2,237 Cr.",Rs. 143,Rs. 217 / 46.0,,Rs. 306,0.00%,2.00%,0.88%,Rs. 2.00
123,Divis Labs,DIVISLAB,"Rs. 85,189 Cr.","Rs. 3,209","Rs. 3,389 / 1,626",53.3,Rs. 276,0.50%,24.40%,18.60%,Rs. 2.00
124,Dixon Technolog,DIXON,"Rs. 11,594 Cr.","Rs. 10,021","Rs. 10,290 / 2,663",113,Rs. 488,0.04%,33.30%,25.40%,Rs. 10.0
125,DLF,DLF,"Rs. 41,041 Cr.",Rs. 166,Rs. 267 / 114,,Rs. 109,1.21%,9.65%,6.07%,Rs. 2.00
126,Dr Lal PathLab,LALPATHLAB,"Rs. 19,358 Cr.","Rs. 2,323","Rs. 2,395 / 1,180",99.4,Rs. 125,0.52%,31.70%,22.30%,Rs. 10.0
127,Dr Reddys Labs,DRREDDY,"Rs. 82,453 Cr.","Rs. 4,958","Rs. 5,515 / 2,495",33.6,Rs. 979,0.50%,18.60%,21.00%,Rs. 5.00
128,eClerx Services,ECLERX,"Rs. 2,491 Cr.",Rs. 714,Rs. 815 / 320,12.2,Rs. 317,0.14%,19.70%,13.00%,Rs. 10.0
129,Edelweiss,EDELWEISS,"Rs. 5,203 Cr.",Rs. 55.6,Rs. 135 / 29.9,,Rs. 35.9,0.00%,3.06%,2.43%,Rs. 1.00
130,Eicher Motors,EICHERMOT,"Rs. 57,919 Cr.","Rs. 2,120","Rs. 2,389 / 1,245",40.8,Rs. 303,0.59%,31.40%,24.80%,Rs. 1.00
131,EID Parry,EIDPARRY,"Rs. 5,037 Cr.",Rs. 285,Rs. 325 / 100,,Rs. 96.8,0.00%,4.19%,-0.11%,Rs. 1.00
132,EIH,EIHOTEL,"Rs. 4,643 Cr.",Rs. 74.2,Rs. 159 / 53.6,,Rs. 43.0,0.00%,5.21%,4.83%,Rs. 2.00
133,Emami,EMAMILTD,"Rs. 16,676 Cr.",Rs. 375,Rs. 408 / 131,56.5,Rs. 40.0,1.07%,16.70%,14.20%,Rs. 1.00
134,Endurance Techn,ENDURANCE,"Rs. 14,839 Cr.","Rs. 1,055","Rs. 1,205 / 562",55.6,Rs. 165,0.52%,23.70%,18.90%,Rs. 10.0
135,EngineersInd,ENGINERSIN,"Rs. 4,095 Cr.",Rs. 64.8,Rs. 116 / 49.2,11.6,Rs. 37.1,7.95%,29.30%,18.60%,Rs. 5.00
136,EPL,EPL,"Rs. 8,066 Cr.",Rs. 256,Rs. 319 / 114,69.6,Rs. 22.1,1.29%,16.70%,15.70%,Rs. 2.00
137,Equitas Holding,EQUITAS,"Rs. 1,488 Cr.",Rs. 43.6,Rs. 121 / 32.5,211,Rs. 50.9,2.30%,0.75%,0.43%,Rs. 10.0
138,Esab India,ESABINDIA,"Rs. 2,158 Cr.","Rs. 1,402","Rs. 1,728 / 868",35.6,Rs. 165,4.99%,32.00%,23.50%,Rs. 10.0
139,Escorts,ESCORTS,"Rs. 16,911 Cr.","Rs. 1,254","Rs. 1,343 / 526",27.5,Rs. 358,0.20%,19.40%,15.10%,Rs. 10.0
140,Exide Ind,EXIDEIND,"Rs. 13,855 Cr.",Rs. 163,Rs. 208 / 122,20.9,Rs. 74.1,2.52%,17.40%,13.70%,Rs. 1.00
141,FDC,FDC,"Rs. 5,486 Cr.",Rs. 325,Rs. 379 / 166,19.2,Rs. 91.3,0.25%,21.70%,16.30%,Rs. 1.00
142,Federal Bank,FEDERALBNK,"Rs. 10,802 Cr.",Rs. 54.2,Rs. 97.0 / 35.7,7.45,Rs. 72.8,0.00%,6.36%,11.10%,Rs. 2.00
143,Fine Organics,FINEORG,"Rs. 7,498 Cr.","Rs. 2,446","Rs. 3,260 / 1,500",58.4,Rs. 222,0.29%,31.90%,29.20%,Rs. 5.00
144,Finolex Cables,FINCABLES,"Rs. 4,261 Cr.",Rs. 279,Rs. 430 / 162,12,Rs. 178,1.97%,19.50%,15.60%,Rs. 2.00
145,Finolex Ind,FINPIPE,"Rs. 7,048 Cr.",Rs. 568,Rs. 635 / 283,21.8,Rs. 184,1.76%,16.40%,14.30%,Rs. 10.0
146,Firstsource Sol,FSL,"Rs. 5,047 Cr.",Rs. 72.6,Rs. 78.4 / 20.1,26,Rs. 31.4,3.44%,9.80%,8.15%,Rs. 10.0
147,Force Motors,FORCEMOT,"Rs. 1,375 Cr.","Rs. 1,043","Rs. 1,504 / 580",,"Rs. 1,499",0.96%,5.17%,4.60%,Rs. 10.0
148,Fortis Health,FORTIS,"Rs. 9,901 Cr.",Rs. 131,Rs. 169 / 113,,Rs. 118,0.00%,9.07%,7.15%,Rs. 10.0
149,Future Consumer,FCONSUMER,"Rs. 1,354 Cr.",Rs. 7.05,Rs. 29.3 / 5.44,,Rs. 6.99,0.00%,3.44%,-1.28%,Rs. 6.00
150,Future Retail,FRETAIL,"Rs. 3,747 Cr.",Rs. 69.1,Rs. 389 / 60.7,,Rs. 78.9,0.00%,9.66%,0.83%,Rs. 2.00
151,GAIL,GAIL,"Rs. 39,441 Cr.",Rs. 87.4,Rs. 138 / 65.0,7.13,Rs. 97.5,7.32%,16.70%,14.80%,Rs. 10.0
152,Galaxy Surfacta,GALAXYSURF,"Rs. 6,293 Cr.","Rs. 1,775","Rs. 2,040 / 975",35.1,Rs. 251,0.45%,24.40%,21.90%,Rs. 10.0
153,Garden Reach Sh,GRSE,"Rs. 2,174 Cr.",Rs. 190,Rs. 243 / 102,14.9,Rs. 90.8,3.76%,22.40%,16.20%,Rs. 10.0
154,Garware Technic,GARFIBRES,"Rs. 4,383 Cr.","Rs. 2,003","Rs. 2,250 / 872",26.5,Rs. 381,0.35%,27.70%,24.80%,Rs. 10.0
155,Gateway Distri,GDL,"Rs. 1,168 Cr.",Rs. 93.6,Rs. 138 / 69.0,9.72,Rs. 71.9,4.81%,9.98%,8.09%,Rs. 10.0
156,GE Power India,GEPIL,"Rs. 1,371 Cr.",Rs. 204,Rs. 827 / 177,89,Rs. 137,0.98%,21.70%,7.63%,Rs. 10.0
157,GE Shipping,GESHIP,"Rs. 3,340 Cr.",Rs. 227,Rs. 369 / 162,3.48,Rs. 388,3.56%,5.80%,3.46%,Rs. 10.0
158,General Insuran,GICRE,"Rs. 21,255 Cr.",Rs. 121,Rs. 293 / 81.5,,Rs. 143,0.00%,-1.84%,-1.48%,Rs. 5.00
159,Gillette India,GILLETTE,"Rs. 17,375 Cr.","Rs. 5,331","Rs. 7,683 / 4,420",75.3,Rs. 280,0.92%,37.90%,27.30%,Rs. 10.0
160,GlaxoSmithKline,GLAXO,"Rs. 23,888 Cr.","Rs. 1,410","Rs. 1,808 / 963",64.8,Rs. 79.5,1.42%,32.70%,8.65%,Rs. 10.0
161,Glenmark,GLENMARK,"Rs. 14,376 Cr.",Rs. 510,Rs. 573 / 162,9.27,Rs. 469,0.49%,11.10%,10.60%,Rs. 1.00
162,GMM Pfaudler,GMMPFAUDLR,"Rs. 5,080 Cr.","Rs. 3,476","Rs. 6,914 / 1,416",71.7,Rs. 211,0.14%,33.10%,25.70%,Rs. 2.00
163,GMR Infra,GMRINFRA,"Rs. 14,577 Cr.",Rs. 24.2,Rs. 28.2 / 14.1,,Rs. 20.0,0.00%,2.17%,-4.27%,Rs. 1.00
164,GNFC,GNFC,"Rs. 3,198 Cr.",Rs. 206,Rs. 232 / 95.6,7.37,Rs. 336,2.43%,7.62%,9.76%,Rs. 10.0
165,Godfrey Phillip,GODFRYPHLP,"Rs. 4,551 Cr.",Rs. 875,"Rs. 1,482 / 732",14,Rs. 396,2.74%,21.00%,16.20%,Rs. 2.00
166,Godrej Agrovet,GODREJAGRO,"Rs. 9,815 Cr.",Rs. 511,Rs. 598 / 265,33.4,Rs. 85.5,1.08%,22.00%,19.80%,Rs. 10.0
167,Godrej Consumer,GODREJCP,"Rs. 68,425 Cr.",Rs. 669,Rs. 772 / 425,55.2,Rs. 56.3,0.90%,28.00%,23.40%,Rs. 1.00
168,Godrej Ind,GODREJIND,"Rs. 12,436 Cr.",Rs. 370,Rs. 479 / 233,,Rs. 48.5,0.00%,5.94%,3.01%,Rs. 1.00
169,Godrej Prop,GODREJPROP,"Rs. 22,994 Cr.",Rs. 912,"Rs. 1,189 / 505",128,Rs. 203,0.00%,9.39%,6.82%,Rs. 5.00
170,Granules India,GRANULES,"Rs. 9,257 Cr.",Rs. 374,Rs. 407 / 114,21.3,Rs. 76.5,0.27%,16.40%,19.70%,Rs. 1.00
171,Graphite India,GRAPHITE,"Rs. 3,504 Cr.",Rs. 179,Rs. 337 / 103,,Rs. 195,1.12%,0.40%,0.74%,Rs. 2.00
172,Grasim,GRASIM,"Rs. 52,925 Cr.",Rs. 804,Rs. 837 / 380,61.5,Rs. 573,0.50%,4.43%,3.70%,Rs. 2.00
173,Greaves Cotton,GREAVESCOT,"Rs. 1,566 Cr.",Rs. 67.8,Rs. 148 / 66.0,30.1,Rs. 36.6,0.00%,15.00%,11.50%,Rs. 2.00
174,Grindwell Norto,GRINDWELL,"Rs. 6,157 Cr.",Rs. 556,Rs. 699 / 369,34,Rs. 106,1.35%,20.10%,15.20%,Rs. 5.00
175,GSFC,GSFC,"Rs. 2,638 Cr.",Rs. 66.2,Rs. 97.8 / 29.8,14.5,Rs. 190,1.81%,2.95%,1.45%,Rs. 2.00
176,Guj Alkali,GUJALKALI,"Rs. 2,324 Cr.",Rs. 316,Rs. 460 / 165,11.3,Rs. 626,2.53%,10.80%,7.49%,Rs. 10.0
177,Guj Heavy Chem,GHCL,"Rs. 1,433 Cr.",Rs. 151,Rs. 218 / 68.8,4.92,Rs. 240,1.99%,18.70%,19.70%,Rs. 10.0
178,Guj Mineral,GMDCLTD,"Rs. 1,337 Cr.",Rs. 42.0,Rs. 72.5 / 29.1,5.49,Rs. 133,0.00%,6.19%,4.77%,Rs. 2.00
179,Guj State Petro,GSPL,"Rs. 10,723 Cr.",Rs. 190,Rs. 264 / 146,9.73,Rs. 119,1.05%,17.50%,17.80%,Rs. 10.0
180,Gujarat Fluoro,FLUOROCHEM,"Rs. 5,413 Cr.",Rs. 493,Rs. 698 / 217,26.5,Rs. 336,0.00%,9.20%,5.68%,Rs. 1.00
181,Gujarat Gas,GUJGASLTD,"Rs. 20,752 Cr.",Rs. 301,Rs. 335 / 189,21.3,Rs. 54.3,0.41%,29.00%,43.60%,Rs. 2.00
182,Gujarat Pipavav,GPPL,"Rs. 4,288 Cr.",Rs. 88.7,Rs. 99.4 / 45.5,15.2,Rs. 43.1,6.31%,17.60%,14.20%,Rs. 10.0
183,Gulf Oil Lubric,GULFOILLUB,"Rs. 3,359 Cr.",Rs. 669,Rs. 887 / 450,19.6,Rs. 152,2.09%,28.80%,30.10%,Rs. 2.00
184,Hathway Cable,HATHWAY,"Rs. 4,824 Cr.",Rs. 27.2,Rs. 57.4 / 10.5,73.4,Rs. 24.8,0.00%,3.54%,0.25%,Rs. 2.00
185,Havells India,HAVELLS,"Rs. 51,198 Cr.",Rs. 818,Rs. 828 / 447,66.9,Rs. 75.1,0.49%,22.20%,17.40%,Rs. 1.00
186,HCL Tech,HCLTECH,"Rs. 228,735 Cr.",Rs. 843,Rs. 911 / 375,23.2,Rs. 154,0.83%,32.90%,26.30%,Rs. 2.00
187,HDFC,HDFC,"Rs. 377,245 Cr.","Rs. 2,101","Rs. 2,500 / 1,473",22.8,Rs. 558,1.00%,10.80%,21.70%,Rs. 2.00
188,HDFC AMC,HDFCAMC,"Rs. 49,237 Cr.","Rs. 2,312","Rs. 3,844 / 1,962",39.6,Rs. 192,1.21%,46.80%,35.60%,Rs. 5.00
189,HDFC Bank,HDFCBANK,"Rs. 698,726 Cr.","Rs. 1,269","Rs. 1,306 / 739",24.5,Rs. 311,0.00%,7.18%,16.40%,Rs. 1.00
190,HDFC Life,HDFCLIFE,"Rs. 119,590 Cr.",Rs. 592,Rs. 648 / 339,89.3,Rs. 38.7,0.00%,21.40%,20.80%,Rs. 10.0
191,HEG,HEG,"Rs. 2,709 Cr.",Rs. 702,"Rs. 1,300 / 410",,Rs. 887,3.56%,-0.16%,-0.53%,Rs. 10.0
192,Heidelberg Cem,HEIDELBERG,"Rs. 4,303 Cr.",Rs. 190,Rs. 218 / 120,17.8,Rs. 56.9,3.95%,27.60%,21.60%,Rs. 10.0
193,Heritage Foods,HERITGFOOD,"Rs. 1,354 Cr.",Rs. 292,Rs. 408 / 146,,Rs. 119,0.86%,-13.30%,-25.30%,Rs. 5.00
194,Hero Motocorp,HEROMOTOCO,"Rs. 58,819 Cr.","Rs. 2,944","Rs. 3,395 / 1,475",23.4,Rs. 733,3.06%,27.90%,22.40%,Rs. 2.00
195,HFCL,HFCL,"Rs. 2,171 Cr.",Rs. 16.9,Rs. 20.0 / 8.10,18.2,Rs. 13.4,0.00%,19.60%,13.20%,Rs. 1.00
196,Himadri Special,HSCL,"Rs. 1,876 Cr.",Rs. 44.8,Rs. 75.0 / 27.2,15.2,Rs. 39.4,0.33%,11.70%,8.72%,Rs. 1.00
197,Himatsingka Sei,HIMATSEIDE,"Rs. 1,235 Cr.",Rs. 125,Rs. 152 / 43.0,21.9,Rs. 151,0.40%,9.81%,10.40%,Rs. 5.00
198,Hind Copper,HINDCOPPER,"Rs. 3,192 Cr.",Rs. 34.5,Rs. 51.0 / 18.2,,Rs. 10.4,0.00%,-18.10%,-43.80%,Rs. 5.00
199,Hind Zinc,HINDZINC,"Rs. 91,013 Cr.",Rs. 215,Rs. 259 / 116,14.5,Rs. 86.7,9.89%,21.60%,18.00%,Rs. 2.00
200,Hindalco,HINDALCO,"Rs. 42,088 Cr.",Rs. 187,Rs. 221 / 84.9,67.6,Rs. 203,0.53%,3.81%,1.29%,Rs. 1.00
201,Hindustan Aeron,HAL,"Rs. 23,431 Cr.",Rs. 701,"Rs. 1,424 / 448",9.7,Rs. 394,4.75%,23.70%,21.80%,Rs. 10.0
202,Honeywell Autom,HONAUT,"Rs. 26,515 Cr.","Rs. 29,994","Rs. 39,525 / 20,142",55.9,"Rs. 2,464",0.25%,34.80%,25.00%,Rs. 10.0
203,HPCL,HINDPETRO,"Rs. 31,276 Cr.",Rs. 205,Rs. 317 / 150,4.46,Rs. 215,4.75%,5.71%,11.60%,Rs. 10.0
204,HUDCO,HUDCO,"Rs. 6,266 Cr.",Rs. 31.3,Rs. 45.8 / 18.0,3.98,Rs. 61.7,9.90%,9.71%,14.70%,Rs. 10.0
205,HUL,HINDUNILVR,"Rs. 493,959 Cr.","Rs. 2,102","Rs. 2,614 / 1,756",67.8,Rs. 199,1.19%,120%,87.70%,Rs. 1.00
206,ICICI Bank,ICICIBANK,"Rs. 302,456 Cr.",Rs. 438,Rs. 552 / 268,24.8,Rs. 169,0.00%,5.62%,7.05%,Rs. 2.00
207,ICICI Lombard,ICICIGI,"Rs. 56,524 Cr.","Rs. 1,244","Rs. 1,440 / 805",40.7,Rs. 154,0.28%,28.70%,20.90%,Rs. 10.0
208,ICICI Prudentia,ICICIPRULI,"Rs. 59,389 Cr.",Rs. 414,Rs. 538 / 222,55.4,Rs. 57.2,0.19%,16.90%,14.80%,Rs. 10.0
209,ICICI Securitie,ISEC,"Rs. 14,533 Cr.",Rs. 451,Rs. 569 / 204,19.1,Rs. 45.1,2.44%,38.50%,48.30%,Rs. 5.00
210,IDBI Bank,IDBI,"Rs. 37,630 Cr.",Rs. 36.2,Rs. 56.2 / 17.2,,Rs. 32.8,0.00%,1.62%,-36.00%,Rs. 10.0
211,IDFC,IDFC,"Rs. 4,837 Cr.",Rs. 30.3,Rs. 40.5 / 13.2,172,Rs. 58.0,2.15%,0.82%,0.67%,Rs. 10.0
212,IDFC First Bank,IDFCFIRSTB,"Rs. 17,669 Cr.",Rs. 31.2,Rs. 48.0 / 17.6,,Rs. 27.0,0.00%,5.30%,-17.10%,Rs. 10.0
213,IEX,IEX,"Rs. 5,596 Cr.",Rs. 187,Rs. 219 / 111,31.2,Rs. 16.0,1.34%,57.00%,45.00%,Rs. 1.00
214,IFB Industries,IFBIND,"Rs. 2,893 Cr.",Rs. 714,Rs. 794 / 219,,Rs. 156,0.00%,5.46%,4.18%,Rs. 10.0
215,IFCI,IFCI,"Rs. 1,109 Cr.",Rs. 5.85,Rs. 8.64 / 3.10,,Rs. 21.7,0.00%,6.94%,-6.67%,Rs. 10.0
216,IGL,IGL,"Rs. 29,505 Cr.",Rs. 422,Rs. 534 / 284,31.1,Rs. 72.3,0.66%,28.90%,23.40%,Rs. 2.00
217,IIFL Finance,IIFL,"Rs. 3,169 Cr.",Rs. 83.8,Rs. 213 / 58.2,37.2,Rs. 96.7,2.69%,8.55%,4.05%,Rs. 2.00
218,India Cements,INDIACEM,"Rs. 3,765 Cr.",Rs. 122,Rs. 140 / 69.4,406,Rs. 175,0.49%,4.23%,1.08%,Rs. 10.0
219,India Tourism D,ITDC,"Rs. 1,886 Cr.",Rs. 220,Rs. 419 / 105,356,Rs. 40.4,0.00%,10.30%,5.72%,Rs. 10.0
220,Indiabulls Hsg,IBULHSGFIN,"Rs. 6,688 Cr.",Rs. 145,Rs. 377 / 81.0,3.83,Rs. 323,21.40%,10.20%,13.40%,Rs. 2.00
221,Indiabulls Real,IBREALEST,"Rs. 2,166 Cr.",Rs. 47.6,Rs. 113 / 36.8,,Rs. 142,0.00%,3.38%,-0.97%,Rs. 2.00
222,Indiamart Inter,INDIAMART,"Rs. 14,035 Cr.","Rs. 4,821","Rs. 5,488 / 1,641",72.2,Rs. 94.3,0.21%,86.00%,69.80%,Rs. 10.0
223,Indian Bank,INDIANB,"Rs. 6,765 Cr.",Rs. 59.9,Rs. 135 / 41.6,8.34,Rs. 196,0.00%,5.26%,3.63%,Rs. 10.0
224,Indian Hotels,INDHOTEL,"Rs. 11,762 Cr.",Rs. 98.9,Rs. 158 / 62.1,,Rs. 35.5,0.51%,8.64%,7.75%,Rs. 1.00
225,Indoco Remedies,INDOCO,"Rs. 2,406 Cr.",Rs. 261,Rs. 296 / 140,61.2,Rs. 73.8,0.11%,5.81%,3.64%,Rs. 2.00
226,Indostar Capita,INDOSTAR,"Rs. 3,643 Cr.",Rs. 296,Rs. 332 / 166,,Rs. 322,0.34%,3.18%,-11.90%,Rs. 10.0
227,IndusInd Bank,INDUSINDBK,"Rs. 54,042 Cr.",Rs. 714,"Rs. 1,597 / 236",19.9,Rs. 450,0.00%,8.08%,14.60%,Rs. 10.0
228,Infibeam Avenue,INFIBEAM,"Rs. 5,544 Cr.",Rs. 83.4,Rs. 94.0 / 26.4,175,Rs. 40.2,0.12%,2.39%,1.45%,Rs. 1.00
229,Info Edge,NAUKRI,"Rs. 46,600 Cr.","Rs. 3,624","Rs. 3,786 / 1,580",158,Rs. 189,0.17%,18.80%,12.00%,Rs. 10.0
230,Infosys,INFY,"Rs. 470,239 Cr.","Rs. 1,104","Rs. 1,186 / 509",28.2,Rs. 157,1.59%,31.80%,24.70%,Rs. 5.00
231,INOX Leisure,INOXLEISUR,"Rs. 2,836 Cr.",Rs. 276,Rs. 512 / 158,,Rs. 56.6,0.36%,15.60%,2.01%,Rs. 10.0
232,Interglobe Avi,INDIGO,"Rs. 54,547 Cr.","Rs. 1,418","Rs. 1,542 / 765",,Rs. 47.4,0.00%,5.16%,-14.00%,Rs. 10.0
233,IOB,IOB,"Rs. 15,944 Cr.",Rs. 9.70,Rs. 13.8 / 6.05,,Rs. 9.83,0.00%,1.53%,-52.50%,Rs. 10.0
234,IOC,IOC,"Rs. 75,125 Cr.",Rs. 79.8,Rs. 140 / 71.2,4.53,Rs. 109,5.33%,6.73%,12.50%,Rs. 10.0
235,Ipca Labs,IPCALAB,"Rs. 30,040 Cr.","Rs. 2,368","Rs. 2,460 / 1,004",30.8,Rs. 289,0.21%,20.50%,18.90%,Rs. 2.00
236,IRB Infra,IRB,"Rs. 3,826 Cr.",Rs. 109,Rs. 139 / 45.6,15.8,Rs. 73.0,4.59%,7.74%,10.70%,Rs. 10.0
237,Ircon Internati,IRCON,"Rs. 3,588 Cr.",Rs. 76.3,Rs. 120 / 58.0,9.24,Rs. 88.5,6.23%,9.82%,11.60%,Rs. 2.00
238,IRCTC,IRCTC,"Rs. 20,966 Cr.","Rs. 1,310","Rs. 1,995 / 775",39.6,Rs. 83.0,0.95%,62.80%,44.10%,Rs. 10.0
239,ITC,ITC,"Rs. 215,031 Cr.",Rs. 175,Rs. 266 / 135,14.9,Rs. 52.0,5.81%,31.80%,25.00%,Rs. 1.00
240,ITI,ITI,"Rs. 11,078 Cr.",Rs. 120,Rs. 152 / 44.8,101,Rs. 25.2,0.00%,8.91%,7.41%,Rs. 10.0
241,IWML,IIFLWAM,"Rs. 8,038 Cr.",Rs. 920,"Rs. 1,664 / 710",20,Rs. 272,2.17%,13.20%,10.60%,Rs. 2.00
242,J. K. Cement,JKCEMENT,"Rs. 14,397 Cr.","Rs. 1,863","Rs. 1,975 / 795",44.3,Rs. 405,0.40%,19.50%,17.60%,Rs. 10.0
243,JagranPrakashan,JAGRAN,"Rs. 1,033 Cr.",Rs. 36.8,Rs. 74.4 / 29.6,9.12,Rs. 49.0,0.00%,18.00%,18.40%,Rs. 2.00
244,Jai Corp,JAICORPLTD,"Rs. 1,486 Cr.",Rs. 83.2,Rs. 122 / 42.6,70.8,Rs. 68.0,0.00%,4.59%,3.28%,Rs. 1.00
245,Jamna Auto,JAMNAAUTO,"Rs. 1,865 Cr.",Rs. 46.8,Rs. 52.2 / 21.0,96.9,Rs. 13.0,0.85%,14.30%,9.27%,Rs. 1.00
246,JB Chemicals,JBCHEPHARM,"Rs. 7,729 Cr.","Rs. 1,000","Rs. 1,150 / 315",22.8,Rs. 187,1.10%,21.80%,17.40%,Rs. 2.00
247,Jindal (Hisar),JSLHISAR,"Rs. 2,302 Cr.",Rs. 97.6,Rs. 110 / 30.4,11.3,Rs. 80.4,0.00%,18.20%,18.40%,Rs. 2.00
248,Jindal Saw,JINDALSAW,"Rs. 1,982 Cr.",Rs. 62.0,Rs. 103 / 39.8,3.84,Rs. 215,3.23%,11.60%,10.20%,Rs. 2.00
249,Jindal Stainles,JSL,"Rs. 2,828 Cr.",Rs. 58.0,Rs. 63.2 / 21.4,56.5,Rs. 56.1,0.00%,12.40%,5.07%,Rs. 2.00
250,Jindal Steel,JINDALSTEL,"Rs. 21,589 Cr.",Rs. 212,Rs. 239 / 62.0,11.5,Rs. 247,0.00%,8.45%,2.71%,Rs. 1.00
251,JK Bank,J&KBANK,"Rs. 1,017 Cr.",Rs. 14.2,Rs. 36.0 / 11.0,,Rs. 89.6,0.00%,3.55%,-17.50%,Rs. 1.00
252,JK Lakshmi Cem,JKLAKSHMI,"Rs. 3,438 Cr.",Rs. 292,Rs. 389 / 180,12.5,Rs. 156,0.86%,15.90%,14.60%,Rs. 5.00
253,JK Paper,JKPAPER,"Rs. 1,554 Cr.",Rs. 89.1,Rs. 141 / 62.0,4.91,Rs. 136,4.49%,23.00%,21.70%,Rs. 10.0
254,JK Tyre & Ind,JKTYRE,"Rs. 1,693 Cr.",Rs. 68.8,Rs. 87.7 / 31.5,216,Rs. 86.7,1.02%,8.15%,11.30%,Rs. 2.00
255,JM Financial,JMFINANCIL,"Rs. 7,308 Cr.",Rs. 76.8,Rs. 126 / 55.4,44,Rs. 35.7,0.26%,6.50%,5.04%,Rs. 1.00
256,Johnson Control,JCHAC,"Rs. 5,889 Cr.","Rs. 2,166","Rs. 3,484 / 1,660",,Rs. 238,0.00%,15.00%,13.10%,Rs. 10.0
257,JSW Energy,JSWENERGY,"Rs. 9,701 Cr.",Rs. 59.0,Rs. 80.0 / 34.8,24.3,Rs. 62.6,1.69%,5.71%,4.66%,Rs. 10.0
258,JSW Steel,JSWSTEEL,"Rs. 79,212 Cr.",Rs. 328,Rs. 329 / 132,40.9,Rs. 165,0.61%,11.50%,17.40%,Rs. 1.00
259,JTEKT India,JTEKTINDIA,"Rs. 1,869 Cr.",Rs. 76.4,Rs. 96.0 / 34.8,,Rs. 23.5,0.46%,6.03%,4.81%,Rs. 1.00
260,Jubilant Food,JUBLFOOD,"Rs. 29,545 Cr.","Rs. 2,239","Rs. 2,458 / 1,138",197,Rs. 89.6,0.27%,29.30%,24.90%,Rs. 10.0
261,Jubilant Life,JUBILANT,"Rs. 11,186 Cr.",Rs. 702,Rs. 910 / 230,42.7,Rs. 171,0.71%,10.20%,13.20%,Rs. 1.00
262,Just Dial,JUSTDIAL,"Rs. 3,676 Cr.",Rs. 595,Rs. 718 / 250,13.7,Rs. 188,0.00%,30.50%,23.80%,Rs. 10.0
263,Jyothy Labs,JYOTHYLAB,"Rs. 5,000 Cr.",Rs. 136,Rs. 185 / 85.0,27.8,Rs. 23.2,2.20%,18.50%,20.00%,Rs. 1.00
264,Kajaria Ceramic,KAJARIACER,"Rs. 9,235 Cr.",Rs. 581,Rs. 596 / 295,44.9,Rs. 114,0.52%,20.80%,17.00%,Rs. 1.00
265,Kalpataru Power,KALPATPOWR,"Rs. 3,881 Cr.",Rs. 251,Rs. 477 / 170,8.76,Rs. 238,1.40%,20.00%,13.30%,Rs. 2.00
266,Kansai Nerolac,KANSAINER,"Rs. 28,097 Cr.",Rs. 521,Rs. 557 / 294,69.7,Rs. 70.8,0.60%,18.80%,14.70%,Rs. 1.00
267,Karnataka Bank,KTKBANK,"Rs. 1,318 Cr.",Rs. 42.4,Rs. 75.0 / 34.2,2.83,Rs. 192,0.00%,6.23%,7.36%,Rs. 10.0
268,KEC Intl,KEC,"Rs. 8,686 Cr.",Rs. 338,Rs. 360 / 154,15.6,Rs. 121,1.01%,24.50%,20.50%,Rs. 2.00
269,KEI Industries,KEI,"Rs. 2,933 Cr.",Rs. 326,Rs. 582 / 208,12.4,Rs. 181,0.46%,28.00%,22.30%,Rs. 2.00
270,KNR Construct,KNRCON,"Rs. 3,580 Cr.",Rs. 255,Rs. 312 / 171,16,Rs. 115,0.20%,19.80%,15.20%,Rs. 2.00
271,Kotak Mahindra,KOTAKBANK,"Rs. 331,638 Cr.","Rs. 1,675","Rs. 1,740 / 1,000",52.7,Rs. 248,0.00%,6.52%,12.90%,Rs. 5.00
272,KPIT Tech,KPITTECH,"Rs. 2,669 Cr.",Rs. 97.4,Rs. 130 / 34.4,25.9,Rs. 39.3,1.03%,19.40%,18.60%,Rs. 10.0
273,KPR Mill,KPRMILL,"Rs. 5,213 Cr.",Rs. 758,Rs. 784 / 312,19.2,Rs. 240,0.59%,19.50%,19.20%,Rs. 5.00
274,KRBL,KRBL,"Rs. 6,091 Cr.",Rs. 259,Rs. 340 / 91.2,11.1,Rs. 132,1.08%,21.00%,19.20%,Rs. 1.00
275,KSB Pumps,KSB,"Rs. 1,604 Cr.",Rs. 461,Rs. 764 / 386,16.4,Rs. 230,1.74%,16.30%,11.90%,Rs. 10.0
276,L&T Finance,L&TFH,"Rs. 13,387 Cr.",Rs. 66.7,Rs. 134 / 45.9,60,Rs. 39.7,1.35%,4.54%,3.40%,Rs. 10.0
277,L&T Infotech,LTI,"Rs. 55,505 Cr.","Rs. 3,179","Rs. 3,515 / 1,208",34.5,Rs. 348,0.88%,39.30%,29.20%,Rs. 1.00
278,L&T Technology,LTTS,"Rs. 17,796 Cr.","Rs. 1,697","Rs. 1,879 / 995",26.1,Rs. 282,1.24%,42.60%,31.30%,Rs. 2.00
279,La Opala RG,LAOPALA,"Rs. 2,300 Cr.",Rs. 207,Rs. 252 / 130,37.8,Rs. 49.1,0.58%,18.90%,15.30%,Rs. 2.00
280,Lakshmi Machine,LAXMIMACH,"Rs. 4,341 Cr.","Rs. 4,063","Rs. 4,154 / 2,000",380,"Rs. 1,548",0.25%,3.45%,2.47%,Rs. 10.0
281,Larsen,LT,"Rs. 134,542 Cr.",Rs. 958,"Rs. 1,460 / 661",10.2,Rs. 416,1.88%,13.40%,12.20%,Rs. 2.00
282,Laurus Labs,LAURUSLABS,"Rs. 15,118 Cr.",Rs. 282,Rs. 345 / 59.0,25.8,Rs. 41.4,0.28%,14.40%,15.70%,Rs. 2.00
283,Lemon Tree Hote,LEMONTREE,"Rs. 2,167 Cr.",Rs. 27.4,Rs. 66.0 / 13.8,120,Rs. 13.2,0.00%,6.10%,3.08%,Rs. 10.0
284,LIC Housing Fin,LICHSGFIN,"Rs. 15,468 Cr.",Rs. 306,Rs. 487 / 185,5.93,Rs. 360,2.61%,9.10%,13.90%,Rs. 2.00
285,Linde India,LINDEINDIA,"Rs. 7,065 Cr.",Rs. 828,Rs. 860 / 378,58.5,Rs. 257,0.30%,10.50%,6.85%,Rs. 10.0
286,Lupin,LUPIN,"Rs. 42,427 Cr.",Rs. 936,"Rs. 1,122 / 505",35.5,Rs. 397,0.64%,10.20%,6.67%,Rs. 2.00
287,Lux Industries,LUXIND,"Rs. 3,577 Cr.","Rs. 1,416","Rs. 1,680 / 813",26,Rs. 197,0.88%,29.60%,27.70%,Rs. 2.00
288,M&M,M&M,"Rs. 74,853 Cr.",Rs. 602,Rs. 667 / 245,47.7,Rs. 277,0.39%,14.10%,6.62%,Rs. 5.00
289,Mah Scooters,MAHSCOOTER,"Rs. 3,358 Cr.","Rs. 2,938","Rs. 4,950 / 1,813",29.8,"Rs. 9,675",1.70%,1.96%,1.84%,Rs. 10.0
290,Mah Seamless,MAHSEAMLES,"Rs. 1,547 Cr.",Rs. 231,Rs. 448 / 185,4.23,Rs. 465,1.08%,13.80%,-33.20%,Rs. 5.00
291,Mahanagar Gas,MGL,"Rs. 8,317 Cr.",Rs. 842,"Rs. 1,247 / 664",12.4,Rs. 299,2.38%,36.60%,29.70%,Rs. 10.0
292,Mahindra Holida,MHRIL,"Rs. 2,285 Cr.",Rs. 171,Rs. 245 / 122,,Rs. 17.8,0.00%,44.40%,-45.40%,Rs. 10.0
293,Mahindra Life,MAHLIFE,"Rs. 1,382 Cr.",Rs. 269,Rs. 429 / 171,,Rs. 290,0.00%,0.53%,0.70%,Rs. 10.0
294,Mahindra Logist,MAHLOG,"Rs. 2,673 Cr.",Rs. 373,Rs. 458 / 195,106,Rs. 75.1,0.40%,18.30%,10.60%,Rs. 10.0
295,Manappuram Fin,MANAPPURAM,"Rs. 13,488 Cr.",Rs. 159,Rs. 195 / 74.2,9.78,Rs. 62.9,1.38%,15.20%,25.30%,Rs. 2.00
296,Marico,MARICO,"Rs. 48,389 Cr.",Rs. 375,Rs. 383 / 234,44.3,Rs. 31.6,1.80%,36.00%,29.00%,Rs. 1.00
297,Maruti Suzuki,MARUTI,"Rs. 214,259 Cr.","Rs. 7,093","Rs. 7,570 / 4,001",53.8,"Rs. 1,588",0.85%,8.74%,6.79%,Rs. 5.00
298,MAS Financial S,MASFIN,"Rs. 4,469 Cr.",Rs. 818,"Rs. 1,270 / 444",25.8,Rs. 190,0.98%,15.50%,18.30%,Rs. 10.0
299,Max Financial,MFSL,"Rs. 16,691 Cr.",Rs. 619,Rs. 645 / 276,116,Rs. 85.2,0.00%,18.50%,12.70%,Rs. 2.00
300,MCX India,MCX,"Rs. 8,601 Cr.","Rs. 1,687","Rs. 1,875 / 805",43,Rs. 292,1.78%,14.60%,12.80%,Rs. 10.0
301,Meghmani Organi,MEGH,"Rs. 1,822 Cr.",Rs. 71.6,Rs. 85.2 / 31.8,9.43,Rs. 39.0,1.40%,22.20%,21.20%,Rs. 1.00
302,Metropolis,METROPOLIS,"Rs. 10,007 Cr.","Rs. 1,965","Rs. 2,146 / 993",94,Rs. 101,0.41%,35.00%,28.00%,Rs. 2.00
303,Minda Corp,MINDACORP,"Rs. 1,597 Cr.",Rs. 70.3,Rs. 122 / 52.6,34.5,Rs. 38.0,0.50%,15.00%,3.80%,Rs. 2.00
304,Minda Ind,MINDAIND,"Rs. 8,699 Cr.",Rs. 320,Rs. 424 / 205,313,Rs. 48.4,0.13%,10.30%,9.19%,Rs. 2.00
305,Mindtree,MINDTREE,"Rs. 22,365 Cr.","Rs. 1,358","Rs. 1,606 / 675",25.7,Rs. 224,0.96%,27.30%,19.50%,Rs. 10.0
306,Mishra Dhatu Ni,MIDHANI,"Rs. 3,385 Cr.",Rs. 181,Rs. 279 / 135,24.9,Rs. 51.2,1.42%,20.60%,17.80%,Rs. 10.0
307,MMTC Ltd,MMTC,"Rs. 2,438 Cr.",Rs. 16.2,Rs. 24.4 / 9.90,,Rs. 7.89,0.00%,-1.20%,-13.70%,Rs. 1.00
308,MOIL,MOIL,"Rs. 2,931 Cr.",Rs. 124,Rs. 170 / 85.6,27.1,Rs. 114,4.86%,11.40%,8.31%,Rs. 10.0
309,Motherson Sumi,MOTHERSUMI,"Rs. 35,543 Cr.",Rs. 113,Rs. 151 / 48.5,59.1,Rs. 19.8,1.33%,15.50%,14.10%,Rs. 1.00
310,Motilal Oswal,MOTILALOFS,"Rs. 8,178 Cr.",Rs. 560,Rs. 905 / 426,25.7,Rs. 202,0.71%,7.86%,7.32%,Rs. 1.00
311,MphasiS,MPHASIS,"Rs. 25,446 Cr.","Rs. 1,363","Rs. 1,465 / 612",20.1,Rs. 194,2.57%,39.10%,34.70%,Rs. 10.0
312,MRF,MRF,"Rs. 29,073 Cr.","Rs. 68,568","Rs. 73,566 / 49,915",25.4,"Rs. 28,305",0.15%,12.90%,12.20%,Rs. 10.0
313,MRPL,MRPL,"Rs. 4,732 Cr.",Rs. 27.0,Rs. 51.4 / 20.8,,Rs. 41.7,0.00%,-16.20%,-29.10%,Rs. 10.0
314,Muthoot Finance,MUTHOOTFIN,"Rs. 48,917 Cr.","Rs. 1,219","Rs. 1,406 / 477",14.5,Rs. 329,1.23%,16.10%,28.30%,Rs. 10.0
315,NALCO,NATIONALUM,"Rs. 6,063 Cr.",Rs. 32.5,Rs. 48.8 / 24.4,106,Rs. 53.5,4.62%,2.24%,1.35%,Rs. 5.00
316,Narayana Hruda,NH,"Rs. 7,059 Cr.",Rs. 345,Rs. 389 / 204,,Rs. 52.0,0.29%,9.45%,5.97%,Rs. 10.0
317,Natco Pharma,NATCOPHARM,"Rs. 16,727 Cr.",Rs. 918,Rs. 996 / 403,36.9,Rs. 212,0.74%,14.40%,12.40%,Rs. 2.00
318,Nava Bharat Ven,NBVENTURES,Rs. 907 Cr.,Rs. 51.4,Rs. 95.4 / 32.0,7.88,Rs. 169,2.92%,6.63%,4.33%,Rs. 2.00
319,Navin Fluorine,NAVINFLUOR,"Rs. 12,339 Cr.","Rs. 2,493","Rs. 2,510 / 825",28.5,Rs. 302,0.44%,20.70%,32.40%,Rs. 2.00
320,Navneet,NAVNETEDUL,"Rs. 1,752 Cr.",Rs. 76.6,Rs. 104 / 45.0,14.3,Rs. 42.2,3.92%,26.10%,23.70%,Rs. 2.00
321,NBCC (India),NBCC,"Rs. 4,140 Cr.",Rs. 23.0,Rs. 45.8 / 14.0,66.4,Rs. 8.46,0.00%,16.10%,5.17%,Rs. 1.00
322,NCC,NCC,"Rs. 2,131 Cr.",Rs. 35.0,Rs. 70.0 / 15.8,6.14,Rs. 83.7,0.57%,14.00%,7.63%,Rs. 2.00
323,NESCO,NESCO,"Rs. 3,550 Cr.",Rs. 504,Rs. 817 / 380,14.4,Rs. 192,0.60%,23.60%,18.50%,Rs. 2.00
324,Nestle,NESTLEIND,"Rs. 166,040 Cr.","Rs. 17,221","Rs. 18,370 / 12,200",80.1,Rs. 236,0.94%,98.20%,70.30%,Rs. 10.0
325,Network 18,NETWORK18,"Rs. 3,465 Cr.",Rs. 33.1,Rs. 50.0 / 14.7,,Rs. 10.5,0.00%,-3.05%,-16.60%,Rs. 5.00
326,New India Assur,NIACL,"Rs. 16,744 Cr.",Rs. 102,Rs. 172 / 74.1,11.7,Rs. 126,0.00%,2.09%,1.88%,Rs. 5.00
327,NHPC,NHPC,"Rs. 20,693 Cr.",Rs. 20.6,Rs. 29.1 / 15.1,6.9,Rs. 29.8,7.28%,9.52%,11.00%,Rs. 10.0
328,Nilkamal,NILKAMAL,"Rs. 2,015 Cr.","Rs. 1,351","Rs. 1,544 / 911",27.7,Rs. 639,1.11%,18.40%,12.80%,Rs. 10.0
329,Nippon,NAM-INDIA,"Rs. 17,066 Cr.",Rs. 279,Rs. 453 / 201,38.3,Rs. 44.9,1.79%,22.30%,16.20%,Rs. 10.0
330,NLC India,NLCINDIA,"Rs. 6,788 Cr.",Rs. 49.0,Rs. 62.8 / 35.0,4.81,Rs. 91.2,14.40%,11.00%,11.30%,Rs. 10.0
331,NMDC,NMDC,"Rs. 27,694 Cr.",Rs. 90.4,Rs. 140 / 61.6,9.27,Rs. 89.9,5.85%,22.70%,13.60%,Rs. 1.00
332,NOCIL,NOCIL,"Rs. 2,285 Cr.",Rs. 138,Rs. 156 / 44.7,20.8,Rs. 70.9,1.82%,12.90%,11.00%,Rs. 10.0
333,NTPC,NTPC,"Rs. 85,885 Cr.",Rs. 86.8,Rs. 125 / 73.2,7.71,Rs. 118,3.63%,11.70%,10.60%,Rs. 10.0
334,Oberoi Realty,OBEROIRLTY,"Rs. 15,862 Cr.",Rs. 436,Rs. 584 / 290,63.3,Rs. 176,0.00%,6.18%,5.12%,Rs. 10.0
335,Oil India,OIL,"Rs. 9,288 Cr.",Rs. 85.6,Rs. 173 / 63.5,5.17,Rs. 225,12.40%,7.21%,9.91%,Rs. 10.0
336,Omaxe,OMAXE,"Rs. 1,237 Cr.",Rs. 67.6,Rs. 222 / 59.5,,Rs. 81.5,0.00%,10.30%,-6.49%,Rs. 10.0
337,ONGC,ONGC,"Rs. 85,043 Cr.",Rs. 67.6,Rs. 145 / 50.0,7.12,Rs. 154,7.40%,12.70%,8.36%,Rs. 5.00
338,Oracle Fin Serv,OFSS,"Rs. 26,369 Cr.","Rs. 3,066","Rs. 3,402 / 1,506",15.4,Rs. 560,5.87%,42.70%,33.70%,Rs. 5.00
339,Orient Cement,ORIENTCEM,"Rs. 1,293 Cr.",Rs. 63.1,Rs. 90.0 / 35.1,13.1,Rs. 56.8,1.19%,11.10%,7.96%,Rs. 1.00
340,Orient Refract,ORIENTREF,"Rs. 2,385 Cr.",Rs. 198,Rs. 269 / 108,34.5,Rs. 35.5,1.26%,29.30%,21.70%,Rs. 1.00
341,P and G,PGHH,"Rs. 33,037 Cr.","Rs. 10,178","Rs. 12,450 / 8,400",76.3,Rs. 357,1.03%,58.00%,41.90%,Rs. 10.0
342,Page Industries,PAGEIND,"Rs. 23,418 Cr.","Rs. 21,002","Rs. 26,891 / 16,187",121,Rs. 735,0.77%,53.50%,43.00%,Rs. 10.0
343,Parag Milk Food,PARAGMILK,Rs. 908 Cr.,Rs. 108,Rs. 163 / 48.5,13.8,Rs. 108,0.46%,13.80%,10.50%,Rs. 10.0
344,PC Jeweller,PCJEWELLER,Rs. 646 Cr.,Rs. 16.4,Rs. 36.8 / 7.75,,Rs. 101,0.00%,7.96%,1.97%,Rs. 10.0
345,Persistent,PERSISTENT,"Rs. 8,769 Cr.","Rs. 1,147","Rs. 1,391 / 420",19.2,Rs. 337,1.05%,23.00%,17.50%,Rs. 10.0
346,Petronet LNG,PETRONET,"Rs. 33,802 Cr.",Rs. 225,Rs. 286 / 170,12.4,Rs. 73.0,5.55%,28.50%,26.20%,Rs. 10.0
347,Pfizer,PFIZER,"Rs. 22,572 Cr.","Rs. 4,934","Rs. 5,274 / 3,461",45.3,Rs. 468,0.20%,20.40%,15.90%,Rs. 10.0
348,Phillips Carbon,PHILIPCARB,"Rs. 2,452 Cr.",Rs. 142,Rs. 155 / 54.1,12.2,Rs. 104,2.46%,16.80%,17.00%,Rs. 2.00
349,Phoenix Mills,PHOENIXLTD,"Rs. 9,442 Cr.",Rs. 550,Rs. 980 / 465,82.9,Rs. 166,0.00%,7.06%,5.31%,Rs. 2.00
350,PI Industries,PIIND,"Rs. 34,970 Cr.","Rs. 2,305","Rs. 2,344 / 970",62.5,Rs. 327,0.17%,22.60%,18.20%,Rs. 1.00
351,Pidilite Ind,PIDILITIND,"Rs. 80,762 Cr.","Rs. 1,589","Rs. 1,710 / 1,186",88.8,Rs. 95.8,0.44%,34.50%,26.40%,Rs. 1.00
352,Piramal Enter,PEL,"Rs. 30,110 Cr.","Rs. 1,335","Rs. 1,843 / 607",,"Rs. 1,002",1.05%,6.85%,0.72%,Rs. 2.00
353,PNB,PNB,"Rs. 26,067 Cr.",Rs. 27.7,Rs. 67.8 / 26.3,,Rs. 66.3,0.00%,4.70%,0.55%,Rs. 2.00
354,PNB Housing Fin,PNBHOUSING,"Rs. 6,243 Cr.",Rs. 371,Rs. 599 / 146,11.5,Rs. 503,0.00%,8.65%,8.88%,Rs. 10.0
355,PNC Infratech,PNCINFRA,"Rs. 4,196 Cr.",Rs. 164,Rs. 215 / 80.0,14.8,Rs. 104,0.31%,25.30%,18.20%,Rs. 2.00
356,Polycab,POLYCAB,"Rs. 13,791 Cr.",Rs. 925,"Rs. 1,182 / 570",18.2,Rs. 282,0.76%,29.20%,22.40%,Rs. 10.0
357,Power Finance,PFC,"Rs. 24,711 Cr.",Rs. 93.6,Rs. 133 / 74.2,4.14,Rs. 171,10.20%,8.66%,12.80%,Rs. 10.0
358,Power Grid Corp,POWERGRID,"Rs. 93,672 Cr.",Rs. 179,Rs. 211 / 122,8.45,Rs. 123,5.59%,12.60%,19.40%,Rs. 10.0
359,Prestige Estate,PRESTIGE,"Rs. 10,218 Cr.",Rs. 255,Rs. 426 / 134,44.6,Rs. 131,0.59%,8.74%,4.53%,Rs. 10.0
360,Prism Cement,PRSMJOHNSN,"Rs. 3,780 Cr.",Rs. 75.1,Rs. 77.8 / 25.7,"3,231",Rs. 22.2,1.33%,12.30%,5.41%,Rs. 10.0
361,Procter&Gamble,PGHL,"Rs. 8,775 Cr.","Rs. 5,286","Rs. 5,685 / 2,891",34.2,Rs. 546,0.79%,29.30%,21.00%,Rs. 10.0
362,PTC India,PTC,"Rs. 1,439 Cr.",Rs. 48.6,Rs. 68.7 / 32.4,4.41,Rs. 119,11.30%,11.20%,9.38%,Rs. 10.0
363,PVR,PVR,"Rs. 6,726 Cr.","Rs. 1,219","Rs. 2,087 / 705",,Rs. 229,0.33%,20.70%,1.82%,Rs. 10.0
364,Quess Corp,QUESS,"Rs. 6,109 Cr.",Rs. 414,Rs. 639 / 165,476,Rs. 157,0.00%,10.10%,5.93%,Rs. 10.0
365,Radico Khaitan,RADICO,"Rs. 5,831 Cr.",Rs. 437,Rs. 472 / 220,26.1,Rs. 121,0.46%,18.40%,17.30%,Rs. 2.00
366,Rail Vikas,RVNL,"Rs. 3,847 Cr.",Rs. 18.4,Rs. 29.3 / 10.0,4.91,Rs. 21.6,0.00%,13.30%,19.20%,Rs. 10.0
367,Rain Industries,RAIN,"Rs. 3,424 Cr.",Rs. 102,Rs. 129 / 44.8,108,Rs. 27.2,0.98%,4.55%,3.87%,Rs. 2.00
368,Rajesh Exports,RAJESHEXPO,"Rs. 13,338 Cr.",Rs. 452,Rs. 802 / 441,42.8,Rs. 167,0.00%,5.27%,8.49%,Rs. 1.00
369,Rallis India,RALLIS,"Rs. 4,604 Cr.",Rs. 237,Rs. 340 / 125,23,Rs. 79.1,1.06%,16.70%,13.20%,Rs. 1.00
370,Ramco Cements,RAMCOCEM,"Rs. 19,790 Cr.",Rs. 839,Rs. 884 / 455,33.8,Rs. 224,0.30%,12.30%,12.80%,Rs. 1.00
371,Rashtriya Chem,RCF,"Rs. 2,408 Cr.",Rs. 43.6,Rs. 59.9 / 22.0,8.5,Rs. 57.8,0.00%,7.53%,8.77%,Rs. 10.0
372,Ratnamani Metal,RATNAMANI,"Rs. 5,941 Cr.","Rs. 1,271","Rs. 1,390 / 716",21.6,Rs. 388,0.94%,24.10%,19.00%,Rs. 2.00
373,Raymond,RAYMOND,"Rs. 1,834 Cr.",Rs. 276,Rs. 838 / 210,,Rs. 268,0.00%,7.05%,4.21%,Rs. 10.0
374,RBL Bank,RBLBANK,"Rs. 9,460 Cr.",Rs. 186,Rs. 391 / 102,20.1,Rs. 208,0.81%,6.91%,5.58%,Rs. 10.0
375,REC,RECLTD,"Rs. 21,448 Cr.",Rs. 109,Rs. 157 / 78.8,4.11,Rs. 178,10.10%,8.66%,14.10%,Rs. 10.0
376,Redington,REDINGTON,"Rs. 4,607 Cr.",Rs. 118,Rs. 140 / 59.1,9.55,Rs. 46.3,3.63%,27.40%,28.70%,Rs. 2.00
377,Relaxo Footwear,RELAXO,"Rs. 17,469 Cr.",Rs. 703,Rs. 830 / 493,85.1,Rs. 55.3,0.18%,23.40%,19.00%,Rs. 1.00
378,Reliance,RELIANCE,"Rs. 1,284,286 Cr.","Rs. 1,955","Rs. 2,369 / 867",48.4,Rs. 659,0.33%,9.07%,8.27%,Rs. 10.0
379,Repco Home,REPCOHOME,"Rs. 1,228 Cr.",Rs. 196,Rs. 366 / 90.4,4.35,Rs. 286,1.27%,10.40%,16.90%,Rs. 10.0
380,RITES,RITES,"Rs. 6,022 Cr.",Rs. 241,Rs. 331 / 191,10.7,Rs. 103,6.64%,33.20%,24.00%,Rs. 10.0
381,S H Kelkar,SHK,"Rs. 1,267 Cr.",Rs. 89.6,Rs. 130 / 47.5,51.9,Rs. 38.9,1.06%,7.98%,4.90%,Rs. 10.0
382,SAIL,SAIL,"Rs. 15,799 Cr.",Rs. 38.2,Rs. 51.9 / 20.2,13.3,Rs. 96.3,0.00%,8.44%,6.43%,Rs. 10.0
383,Sanofi India,SANOFI,"Rs. 19,221 Cr.","Rs. 8,346","Rs. 8,999 / 5,900",39,"Rs. 1,157",1.27%,28.40%,19.40%,Rs. 10.0
384,SBI,SBIN,"Rs. 195,137 Cr.",Rs. 219,Rs. 351 / 149,13.2,Rs. 260,0.00%,4.86%,4.79%,Rs. 1.00
385,SBI Life Insura,SBILIFE,"Rs. 80,504 Cr.",Rs. 805,"Rs. 1,026 / 519",50,Rs. 96.6,0.00%,21.90%,17.30%,Rs. 10.0
386,Schaeffler Ind,SCHAEFFLER,"Rs. 11,874 Cr.","Rs. 3,798","Rs. 4,960 / 3,025",50.8,Rs. 924,0.92%,18.80%,13.00%,Rs. 10.0
387,Schneider Infra,SCHNEIDER,"Rs. 1,670 Cr.",Rs. 69.8,Rs. 114 / 58.0,,Rs. 4.39,0.00%,3.58%,-26.00%,Rs. 2.00
388,Sheela Foam,SFL,"Rs. 6,268 Cr.","Rs. 1,285","Rs. 1,780 / 1,101",45.7,Rs. 180,0.00%,29.00%,21.50%,Rs. 5.00
389,Shilpa,SHILPAMED,"Rs. 3,578 Cr.",Rs. 439,Rs. 695 / 233,16.2,Rs. 196,0.25%,14.90%,14.40%,Rs. 1.00
390,Shipping Corp,SCI,"Rs. 2,380 Cr.",Rs. 51.1,Rs. 69.8 / 31.5,3.61,Rs. 157,1.47%,5.09%,3.08%,Rs. 10.0
391,Shoppers Stop,SHOPERSTOP,"Rs. 1,558 Cr.",Rs. 177,Rs. 448 / 131,,Rs. -6.54,0.00%,10.10%,-25.30%,Rs. 5.00
392,Shree Cements,SHREECEM,"Rs. 80,241 Cr.","Rs. 22,239","Rs. 25,355 / 15,410",50.8,"Rs. 3,585",0.49%,15.80%,14.00%,Rs. 10.0
393,Shriram City,SHRIRAMCIT,"Rs. 5,928 Cr.",Rs. 898,"Rs. 1,572 / 617",6.59,"Rs. 1,161",1.11%,11.80%,14.70%,Rs. 10.0
394,Shriram Trans,SRTRANSFIN,"Rs. 20,635 Cr.",Rs. 815,"Rs. 1,332 / 429",9.79,Rs. 720,0.74%,10.90%,14.80%,Rs. 10.0
395,Siemens,SIEMENS,"Rs. 47,426 Cr.","Rs. 1,332","Rs. 1,700 / 947",62.3,Rs. 256,0.53%,18.80%,12.20%,Rs. 2.00
396,SIS,SIS,"Rs. 5,498 Cr.",Rs. 375,Rs. 624 / 314,410,Rs. 53.8,0.53%,13.80%,11.60%,Rs. 5.00
397,SJVN,SJVN,"Rs. 8,724 Cr.",Rs. 22.2,Rs. 27.4 / 17.2,5.55,Rs. 29.9,9.91%,16.90%,14.40%,Rs. 10.0
398,SKF India,SKFINDIA,"Rs. 7,356 Cr.","Rs. 1,488","Rs. 2,318 / 1,230",38.4,Rs. 268,0.00%,19.60%,14.60%,Rs. 10.0
399,Sobha,SOBHA,"Rs. 2,749 Cr.",Rs. 290,Rs. 470 / 118,13.4,Rs. 241,2.42%,22.50%,13.20%,Rs. 10.0
400,Solar Ind,SOLARINDS,"Rs. 9,443 Cr.","Rs. 1,044","Rs. 1,350 / 772",47.5,Rs. 113,0.57%,23.90%,22.40%,Rs. 2.00
401,Somany Ceramics,SOMANYCERA,Rs. 932 Cr.,Rs. 220,Rs. 253 / 76.8,340,Rs. 139,0.91%,5.67%,-11.20%,Rs. 2.00
402,Sonata,SONATSOFTW,"Rs. 3,571 Cr.",Rs. 340,Rs. 379 / 147,17.2,Rs. 35.5,5.96%,61.70%,46.60%,Rs. 1.00
403,South Ind Bk,SOUTHBANK,"Rs. 1,176 Cr.",Rs. 6.50,Rs. 11.5 / 4.80,12.6,Rs. 30.2,0.00%,6.01%,1.93%,Rs. 1.00
404,SpiceJet,SPICEJET,"Rs. 2,947 Cr.",Rs. 49.1,Rs. 120 / 30.6,,Rs. -26.3,0.00%,-8.65%,%,Rs. 10.0
405,SRF,SRF,"Rs. 28,835 Cr.","Rs. 4,867","Rs. 4,887 / 2,468",34.2,Rs. 854,0.29%,15.60%,22.40%,Rs. 10.0
406,Star Cement,STARCEMENT,"Rs. 3,419 Cr.",Rs. 82.9,Rs. 105 / 56.0,17.4,Rs. 27.1,1.21%,21.90%,20.20%,Rs. 1.00
407,Sterlite Techno,STLTECH,"Rs. 5,730 Cr.",Rs. 145,Rs. 175 / 58.6,23.2,Rs. 41.1,2.42%,23.00%,27.80%,Rs. 2.00
408,Strides Pharma,STAR,"Rs. 5,950 Cr.",Rs. 664,Rs. 765 / 268,103,Rs. 357,2.11%,5.27%,3.37%,Rs. 10.0
409,Sudarshan Chem,SUDARSCHEM,"Rs. 3,081 Cr.",Rs. 445,Rs. 538 / 286,27,Rs. 98.5,1.30%,17.40%,21.90%,Rs. 2.00
410,SUMITOMO,SUMICHEM,"Rs. 14,253 Cr.",Rs. 286,Rs. 317 / 151,54.8,Rs. 28.4,0.19%,29.30%,22.40%,Rs. 10.0
411,Sun Pharma,SUNPHARMA,"Rs. 122,966 Cr.",Rs. 512,Rs. 565 / 312,42.7,Rs. 106,0.78%,11.40%,12.70%,Rs. 1.00
412,Sun Pharma Adv,SPARC,"Rs. 4,433 Cr.",Rs. 169,Rs. 211 / 81.0,,Rs. -0.71,0.00%,-182%,-230%,Rs. 1.00
413,Sun TV Network,SUNTV,"Rs. 17,314 Cr.",Rs. 439,Rs. 532 / 260,13.6,Rs. 143,5.69%,29.90%,22.70%,Rs. 5.00
414,Sundram,SUNDRMFAST,"Rs. 9,672 Cr.",Rs. 460,Rs. 533 / 248,41.8,Rs. 99.8,0.90%,15.90%,16.40%,Rs. 1.00
415,Sunteck Realty,SUNTECK,"Rs. 3,931 Cr.",Rs. 269,Rs. 458 / 145,50.3,Rs. 132,0.56%,5.64%,5.45%,Rs. 1.00
416,Suprajit Eng,SUPRAJIT,"Rs. 2,503 Cr.",Rs. 179,Rs. 220 / 99.2,23.9,Rs. 55.9,0.98%,20.40%,19.20%,Rs. 1.00
417,Supreme Ind,SUPREMEIND,"Rs. 18,292 Cr.","Rs. 1,440","Rs. 1,500 / 773",37.8,Rs. 183,0.97%,27.40%,24.10%,Rs. 2.00
418,Suzlon Energy,SUZLON,"Rs. 2,533 Cr.",Rs. 3.05,Rs. 6.19 / 1.65,,Rs. -12.4,0.00%,-186%,%,Rs. 2.00
419,Swan Energy,SWANENERGY,"Rs. 3,399 Cr.",Rs. 139,Rs. 160 / 86.0,,Rs. 39.4,0.07%,1.02%,0.23%,Rs. 1.00
420,Symphony,SYMPHONY,"Rs. 5,922 Cr.",Rs. 846,"Rs. 1,409 / 690",36.4,Rs. 92.8,0.59%,36.70%,28.40%,Rs. 2.00
421,Syngene Intl,SYNGENE,"Rs. 21,928 Cr.",Rs. 548,Rs. 597 / 202,62.1,Rs. 61.5,0.00%,16.60%,17.00%,Rs. 10.0
422,Tamil Newsprint,TNPL,Rs. 702 Cr.,Rs. 101,Rs. 199 / 85.0,20.7,Rs. 247,5.92%,11.00%,7.78%,Rs. 10.0
423,Tasty Bite,TASTYBITE,"Rs. 2,699 Cr.","Rs. 10,518","Rs. 13,747 / 7,443",78,Rs. 636,0.02%,28.30%,27.80%,Rs. 10.0
424,Tata Chemicals,TATACHEM,"Rs. 7,980 Cr.",Rs. 313,Rs. 348 / 197,13.8,Rs. 485,3.51%,6.30%,4.82%,Rs. 10.0
425,Tata Coffee,TATACOFFEE,"Rs. 1,916 Cr.",Rs. 103,Rs. 120 / 47.1,33.8,Rs. 54.2,1.46%,7.16%,6.11%,Rs. 1.00
426,Tata Comm,TATACOMM,"Rs. 27,612 Cr.",Rs. 969,Rs. 989 / 200,35,Rs. 304,0.41%,8.64%,4.24%,Rs. 10.0
427,TATA Cons. Prod,TATACONSUM,"Rs. 46,672 Cr.",Rs. 506,Rs. 592 / 214,78.7,Rs. 118,0.53%,10.20%,7.10%,Rs. 1.00
428,Tata Elxsi,TATAELXSI,"Rs. 9,751 Cr.","Rs. 1,566","Rs. 1,710 / 500",31.9,Rs. 182,1.05%,35.00%,25.60%,Rs. 10.0
429,Tata Inv Corp,TATAINVEST,"Rs. 4,299 Cr.",Rs. 850,"Rs. 1,025 / 591",40,"Rs. 2,079",2.12%,1.64%,1.50%,Rs. 10.0
430,Tata Metaliks,TATAMETALI,"Rs. 1,702 Cr.",Rs. 539,Rs. 688 / 308,8.84,Rs. 364,0.46%,24.60%,21.10%,Rs. 10.0
431,Tata Motors,TATAMOTORS,"Rs. 45,375 Cr.",Rs. 138,Rs. 202 / 63.5,,Rs. 48.9,0.00%,-6.43%,-24.70%,Rs. 2.00
432,Tata Power,TATAPOWER,"Rs. 17,686 Cr.",Rs. 55.4,Rs. 63.4 / 27.0,530,Rs. 43.1,2.80%,4.96%,1.64%,Rs. 1.00
433,Tata Steel,TATASTEEL,"Rs. 48,443 Cr.",Rs. 426,Rs. 506 / 251,8.15,Rs. 662,2.35%,10.40%,10.90%,Rs. 10.0
434,TCNS Clothing C,TCNSBRANDS,"Rs. 2,403 Cr.",Rs. 391,Rs. 750 / 295,664,Rs. 107,0.00%,12.60%,10.80%,Rs. 2.00
435,TCS,TCS,"Rs. 1,007,778 Cr.","Rs. 2,686","Rs. 2,885 / 1,504",33.2,Rs. 224,1.23%,53.80%,43.30%,Rs. 1.00
436,TeamLease Ser.,TEAMLEASE,"Rs. 3,820 Cr.","Rs. 2,234","Rs. 2,908 / 1,415",98.5,Rs. 333,0.00%,17.20%,7.58%,Rs. 10.0
437,Tech Mahindra,TECHM,"Rs. 81,293 Cr.",Rs. 841,Rs. 888 / 470,19.7,Rs. 247,1.78%,25.30%,21.30%,Rs. 5.00
438,Thermax,THERMAX,"Rs. 9,409 Cr.",Rs. 790,"Rs. 1,134 / 570",62.2,Rs. 232,0.89%,11.10%,8.27%,Rs. 2.00
439,Thyrocare Techn,THYROCARE,"Rs. 5,996 Cr.","Rs. 1,135","Rs. 1,212 / 410",62,Rs. 81.2,0.88%,36.20%,24.90%,Rs. 10.0
440,Time Techno,TIMETECHNO,Rs. 874 Cr.,Rs. 38.6,Rs. 66.7 / 22.4,14.5,Rs. 63.5,2.46%,9.46%,6.99%,Rs. 1.00
441,Timken,TIMKEN,"Rs. 8,174 Cr.","Rs. 1,087","Rs. 1,229 / 639",41.1,Rs. 210,4.60%,20.80%,16.90%,Rs. 10.0
442,Titan Company,TITAN,"Rs. 110,272 Cr.","Rs. 1,242","Rs. 1,341 / 720",146,Rs. 73.9,0.32%,24.30%,23.30%,Rs. 1.00
443,TML-D,TATAMTRDVR,"Rs. 2,855 Cr.",Rs. 56.2,Rs. 84.4 / 28.4,,Rs.,0.00%,%,%,Rs. 2.00
444,Torrent Pharma,TORNTPHARM,"Rs. 44,070 Cr.","Rs. 2,604","Rs. 3,040 / 1,583",45.5,Rs. 342,0.65%,14.40%,18.00%,Rs. 5.00
445,Torrent Power,TORNTPOWER,"Rs. 15,207 Cr.",Rs. 316,Rs. 369 / 232,6.74,Rs. 191,3.67%,13.50%,18.40%,Rs. 10.0
446,Trent,TRENT,"Rs. 24,161 Cr.",Rs. 680,Rs. 805 / 365,,Rs. 70.3,0.15%,19.30%,6.82%,Rs. 1.00
447,Trident,TRIDENT,"Rs. 3,822 Cr.",Rs. 7.50,Rs. 8.57 / 3.05,16.7,Rs. 6.17,4.80%,10.20%,11.50%,Rs. 1.00
448,TTK Prestige,TTKPRESTIG,"Rs. 8,258 Cr.","Rs. 5,958","Rs. 6,575 / 3,901",49.7,Rs. 938,0.34%,20.60%,16.20%,Rs. 10.0
449,TV TodayNetwork,TVTODAY,"Rs. 1,211 Cr.",Rs. 203,Rs. 310 / 128,11.6,Rs. 146,11.00%,24.90%,16.10%,Rs. 5.00
450,TV18 Broadcast,TV18BRDCST,"Rs. 4,817 Cr.",Rs. 28.1,Rs. 41.7 / 11.8,141,Rs. 16.2,0.00%,2.81%,1.11%,Rs. 2.00
451,TVS Motor,TVSMOTOR,"Rs. 22,636 Cr.",Rs. 476,Rs. 500 / 240,69.6,Rs. 78.7,0.73%,17.10%,17.60%,Rs. 1.00
452,TVS Srichakra,TVSSRICHAK,"Rs. 1,089 Cr.","Rs. 1,421","Rs. 1,887 / 758",47.8,Rs. 995,1.41%,11.30%,11.20%,Rs. 10.0
453,UCO Bank,UCOBANK,"Rs. 11,555 Cr.",Rs. 11.6,Rs. 22.4 / 8.40,,Rs. 19.4,0.00%,2.82%,-14.80%,Rs. 10.0
454,Uflex,UFLEX,"Rs. 2,305 Cr.",Rs. 319,Rs. 377 / 118,13.5,Rs. 313,0.63%,10.10%,6.51%,Rs. 10.0
455,Ujjivan Financi,UJJIVAN,"Rs. 2,658 Cr.",Rs. 219,Rs. 416 / 125,287,Rs. 148,0.37%,0.57%,0.49%,Rs. 10.0
456,UltraTechCement,ULTRACEMCO,"Rs. 133,287 Cr.","Rs. 4,618","Rs. 4,754 / 2,910",23.5,"Rs. 1,384",0.28%,13.00%,16.30%,Rs. 10.0
457,Union Bank,UNIONBANK,"Rs. 15,440 Cr.",Rs. 24.1,Rs. 65.8 / 22.6,,Rs. 52.7,0.00%,4.26%,-9.60%,Rs. 10.0
458,United Brewerie,UBL,"Rs. 25,207 Cr.",Rs. 953,"Rs. 1,356 / 750",170,Rs. 133,0.26%,16.70%,12.80%,Rs. 1.00
459,UPL,UPL,"Rs. 31,968 Cr.",Rs. 418,Rs. 615 / 240,113,Rs. 102,1.43%,8.75%,5.87%,Rs. 2.00
460,V-Guard Ind,VGUARD,"Rs. 7,339 Cr.",Rs. 171,Rs. 255 / 149,56.9,Rs. 24.5,0.53%,26.10%,19.60%,Rs. 1.00
461,V-Mart Retail,VMART,"Rs. 3,580 Cr.","Rs. 1,970","Rs. 2,545 / 1,200",,Rs. 253,0.00%,17.70%,11.10%,Rs. 10.0
462,Va Tech Wabag,WABAG,"Rs. 1,145 Cr.",Rs. 184,Rs. 238 / 73.0,26.7,Rs. 157,0.00%,12.60%,6.21%,Rs. 2.00
463,Vaibhav Global,VAIBHAVGBL,"Rs. 6,538 Cr.","Rs. 2,013","Rs. 2,055 / 490",52.9,Rs. 162,0.70%,22.30%,22.80%,Rs. 10.0
464,Vakrangee,VAKRANGEE,"Rs. 2,855 Cr.",Rs. 27.0,Rs. 55.7 / 17.1,45.3,Rs. 24.6,0.93%,2.95%,2.33%,Rs. 1.00
465,Vardhman Text,VTL,"Rs. 4,619 Cr.",Rs. 803,"Rs. 1,105 / 593",14.8,Rs. 984,0.00%,8.78%,9.11%,Rs. 10.0
466,Varroc Engineer,VARROC,"Rs. 3,819 Cr.",Rs. 283,Rs. 525 / 119,78.1,Rs. 83.0,1.06%,10.30%,8.81%,Rs. 1.00
467,Varun Beverages,VBL,"Rs. 20,161 Cr.",Rs. 698,Rs. 870 / 482,71,Rs. 141,0.72%,15.00%,13.80%,Rs. 10.0
468,Vedanta,VEDL,"Rs. 35,035 Cr.",Rs. 94.2,Rs. 166 / 60.2,3.87,Rs. 188,10.10%,4.81%,8.00%,Rs. 1.00
469,Venkys,VENKEYS,"Rs. 2,161 Cr.","Rs. 1,534","Rs. 1,943 / 580",,Rs. 594,0.00%,-1.81%,-3.23%,Rs. 10.0
470,Vinati Organics,VINATIORGA,"Rs. 12,074 Cr.","Rs. 1,175","Rs. 1,419 / 651",43.8,Rs. 137,0.47%,36.40%,28.50%,Rs. 1.00
471,VIP Industries,VIPIND,"Rs. 4,030 Cr.",Rs. 285,Rs. 520 / 188,423,Rs. 38.7,1.12%,26.90%,22.30%,Rs. 2.00
472,Vodafone Idea,IDEA,"Rs. 24,425 Cr.",Rs. 8.50,Rs. 13.5 / 2.40,,Rs. -8.33,0.00%,-5.40%,-114%,Rs. 10.0
473,Voltas,VOLTAS,"Rs. 24,537 Cr.",Rs. 742,Rs. 744 / 427,45.9,Rs. 120,0.54%,20.80%,15.80%,Rs. 1.00
474,VRL Logistics,VRLLOG,"Rs. 1,355 Cr.",Rs. 150,Rs. 296 / 120,,Rs. 68.3,4.67%,15.70%,14.80%,Rs. 10.0
475,VST,VSTIND,"Rs. 5,343 Cr.","Rs. 3,461","Rs. 4,856 / 2,536",16.9,Rs. 514,2.98%,57.90%,41.90%,Rs. 10.0
476,WABCO India,WABCOINDIA,"Rs. 9,287 Cr.","Rs. 4,898","Rs. 7,670 / 4,795",126,Rs. 999,0.20%,10.50%,7.46%,Rs. 5.00
477,Welspun Corp,WELCORP,"Rs. 2,632 Cr.",Rs. 101,Rs. 234 / 55.0,3.25,Rs. 86.0,10.40%,23.30%,18.00%,Rs. 5.00
478,Welspun India,WELSPUNIND,"Rs. 6,867 Cr.",Rs. 68.4,Rs. 78.0 / 18.3,21,Rs. 30.0,1.46%,13.10%,16.60%,Rs. 1.00
479,Westlife Dev,WESTLIFE,"Rs. 5,800 Cr.",Rs. 373,Rs. 500 / 267,,Rs. 30.6,0.00%,-0.07%,-0.07%,Rs. 2.00
480,Whirlpool,WHIRLPOOL,"Rs. 26,161 Cr.","Rs. 2,062","Rs. 2,570 / 1,343",85.6,Rs. 207,0.24%,28.60%,20.30%,Rs. 10.0
481,Wipro,WIPRO,"Rs. 197,397 Cr.",Rs. 345,Rs. 382 / 159,22.3,Rs. 90.2,0.29%,21.60%,18.10%,Rs. 2.00
482,Wockhardt,WOCKPHARMA,"Rs. 3,220 Cr.",Rs. 291,Rs. 412 / 147,,Rs. 155,0.00%,-5.27%,-18.80%,Rs. 5.00
483,Zee Entertain,ZEEL,"Rs. 18,298 Cr.",Rs. 190,Rs. 364 / 114,43.1,Rs. 81.9,0.16%,19.60%,11.40%,Rs. 1.00
484,Zensar Tech,ZENSARTECH,"Rs. 4,137 Cr.",Rs. 184,Rs. 212 / 63.7,16.7,Rs. 76.1,1.53%,20.60%,14.50%,Rs. 2.00
485,Zydus Wellness,ZYDUSWELL,"Rs. 11,136 Cr.","Rs. 1,750","Rs. 1,950 / 1,070",,Rs. 654,0.29%,1.78%,-1.24%,Rs. 10.0
