,Company Name,NSE,Sep-17,Dec-17,Mar-18,Jun-18,Sep-18,Dec-18,Mar-19,Jun-19,Sep-19,Dec-19,Mar-20,Jun-20,Sep-20,Dec-12,Jun-13,Sep-13,Dec-13
0,3M India,3MINDIA,60,92,93,100,64,101,58,85,92,68,-26,-40,,,,,
1,Aarti Ind,AARTIIND,79,90,85,89,123,133,124,137,142,137,107,81,,,,,
2,AAVAS Financier,AAVAS,,26,20,30,35,56,54,45,76,68,60,50,66,,,,
3,AB Capital,ABCAPITAL,,29,-10,-17,46,-45,7,-46,47,-22,52,-1,14,,,,
4,ABB India,ABB,,172,102,102,108,198,116,70,79,39,65,16,81,,,,
5,Abbott India,ABBOTINDIA,138,115,100,82,138,117,113,117,178,187,111,180,,,,,
6,ACC,ACC,,205,245,326,206,730,338,451,300,269,320,268,363,,,,
7,Adani Enterpris,ADANIENT,,129,61,-7,-25,188,331,469,103,208,-81,-81,206,,,,
8,Adani Ports,ADANIPORTS,,526,701,359,688,916,674,489,486,459,500,287,696,,,,
9,Adani Power,ADANIPOWER,,792,-556,-40,-1,-121,-63,-1118,-77,-67,-79,-49,-40,,,,
10,Adani Trans,ADANITRANS,,-32,24,31,23,-7,-5,2,-9,-9,22,4,-4,,,,
11,Aditya Birla F,ABFRL,-10,35,113,6,43,70,203,22,7,-33,-140,-400,,,,,
12,Advanced Enzyme,ADVENZYMES,5,10,15,11,9,6,9,13,11,18,16,15,,,,,
13,Aegis Logistics,AEGISCHEM,,23,23,17,30,30,12,42,-59,8,34,-4,27,,,,
14,AFL,ARVINDFASN,,,16,8,19,14,21,1,-1,-4,0,-18,,,,,
15,AGL,ADANIGAS,,37,43,55,52,46,76,79,120,114,122,46,136,,,,
16,AIA Engineering,AIAENG,,90,215,105,109,103,98,83,226,133,390,126,143,,,,
17,Ajanta Pharma,AJANTPHARM,,165,78,151,104,95,41,124,121,108,89,116,225,,,,
18,Akzo Nobel,AKZOINDIA,39,83,238,44,37,60,70,57,49,77,54,-20,,,,,
19,Alembic Pharma,APLLTD,,105,144,114,251,139,108,155,269,231,314,319,348,,,,
20,Alkem Lab,ALKEM,331,213,60,129,238,241,191,211,434,349,271,426,,,,,
21,Alkyl Amines,ALKYLAMINE,13,15,23,18,26,22,18,35,54,77,49,53,,,,,
22,Allcargo,ALLCARGO,43,9,-54,17,58,97,48,28,16,160,16,95,,,,,
23,Alok Industries,ALOKINDS,-5507,-4749,-1321,-1198,-1367,-1259,6106,-67,-153,-189,1633,-10193,,,,,
24,Amara Raja Batt,AMARAJABAT,,134,110,113,120,131,119,141,219,164,137,63,201,,,,
25,Amber Enterpris,AMBER,2,0,34,29,-2,4,62,49,5,12,53,-19,,,,,
26,Ambuja Cements,AMBUJACEM,,338,272,499,179,537,427,412,235,455,399,453,441,,,,
27,APL Apollo,APLAPOLLO,,19,24,27,49,3,47,21,27,42,25,1,43,,,,
28,Apollo Hospital,APOLLOHOSP,71,67,60,60,79,87,77,79,91,95,206,-149,,,,,
29,Apollo Tyres,APOLLOTYRE,,204,224,217,147,123,105,150,100,131,128,-54,216,,,,
30,Ashok Leyland,ASHOKLEY,334,485,743,422,528,381,653,230,39,28,-57,-389,,,,,
31,Ashoka Buildcon,ASHOKA,28,47,105,64,62,62,98,65,73,86,164,69,,,,,
32,Asian Paints,ASIANPAINT,,529,492,542,481,632,478,652,791,759,452,252,793,,,,
33,Aster DM Health,ASTERDM,-18,-22,-24,-13,-11,-3,74,-17,-4,82,0,-28,,,,,
34,Astral Poly Tec,ASTRAL,27,31,44,25,30,40,47,34,70,58,39,16,,,,,
35,AstraZeneca,ASTRAZEN,,-10,3,6,9,29,10,22,14,27,10,19,26,,,,
36,Atul,ATUL,,66,100,84,119,117,109,130,208,160,142,117,170,,,,
37,AU Small Financ,AUBANK,,79,83,77,91,95,118,190,172,190,122,201,322,,,,
38,Aurobindo Pharm,AUROPHARMA,753,444,308,225,381,464,460,330,398,419,725,715,,,,,
39,Avanti Feeds,AVANTIFEED,103,94,75,79,33,56,56,80,105,31,69,86,,,,,
40,Avenue Supermar,DMART,,252,167,251,226,257,203,335,333,394,287,50,211,,,,
41,Axis Bank,AXISBANK,,726,-2189,701,790,1681,-112,1370,-112,1757,-1388,1112,1683,,,,
42,Bajaj Auto,BAJAJ-AUTO,,952,1080,1115,1152,1102,1306,1126,1402,1262,1310,528,1138,,,,
43,Bajaj Consumer,BAJAJCON,,55,55,54,52,60,61,59,57,50,25,54,57,,,,
44,Bajaj Electric,BAJAJELEC,,37,7,41,34,64,29,17,-33,15,0,-27,54,,,,
45,Bajaj Finance,BAJFINANCE,,692,743,834,920,1023,1114,1125,1377,1488,892,870,877,,,,
46,Bajaj Finserv,BAJAJFINSV,,11,11,6,292,8,2,0,345,3,318,1,1,,,,
47,Bajaj Holdings,BAJAJHLDNG,,55,91,58,646,61,24,23,667,31,1106,43,71,,,,
48,Balkrishna Ind,BALKRISIND,203,190,194,230,222,145,185,176,291,221,257,122,,,,,
49,Balmer Lawrie,BALMLAWRIE,26,41,88,39,34,27,88,28,38,36,75,-6,,,,,
50,Balrampur Chini,BALRAMCHIN,,61,-43,74,91,120,286,107,98,70,235,135,75,,,,
51,Bandhan Bank,BANDHANBNK,,300,388,482,488,331,651,804,972,731,517,550,920,,,,
52,Bank of Baroda,BANKBARODA,,112,-3102,528,425,471,-991,710,737,-1407,507,-864,1679,,,,
53,Bank of India,BANKINDIA,,-2341,-3969,95,-1156,-4738,252,243,266,106,-3571,844,526,,,,
54,Bank of Mah,MAHABANK,,-597,-114,-1119,27,-3764,72,81,115,135,58,101,130,,,,
55,BASF,BASF,,7,66,24,9,-38,86,8,2,-32,40,-29,411,,,,
56,Bata India,BATAINDIA,43,68,52,83,56,103,88,101,71,117,38,-101,,,,,
57,Bayer CropScien,BAYERCROP,191,11,-13,147,167,63,-57,135,170,138,32,252,,,,,
58,BEML,BEML,10,17,188,-160,17,45,162,-97,-26,5,186,-133,,,,,
59,Berger Paints,BERGEPAINT,,111,110,129,101,119,86,164,174,166,195,50,193,,,,
60,Bharat Dynamics,BDL,84,6,337,82,28,188,124,66,106,53,310,-78,,,,,
61,Bharat Elec,BEL,412,303,559,180,571,508,669,205,339,215,1035,54,,,,,
62,Bharat Forge,BHARATFORG,204,228,100,234,227,310,300,174,245,128,-73,-56,,,,,
63,Bharti Airtel,BHARTIARTL,,64,-760,-1462,-569,225,-37,-1304,-24514,-3388,-6883,-16462,-846,,,,
64,Bharti Infratel,INFRATEL,,317,335,1518,403,469,389,448,478,414,406,823,446,,,,
65,BHEL,BHEL,115,153,457,156,185,192,676,-216,119,159,-1534,-897,,,,,
66,Biocon,BIOCON,,44,72,230,120,73,70,112,106,121,102,85,95,,,,
67,Birla Corp,BIRLACORPN,,-25,107,42,2,7,87,102,68,54,91,28,84,,,,
68,Birlasoft,BSOFT,,49,64,59,55,26,28,30,35,31,44,41,45,,,,
69,Bliss GVS,BLISSGVS,,10,20,27,31,12,5,24,28,24,16,17,19,,,,
70,Blue Dart,BLUEDART,,45,34,22,21,31,13,5,14,-33,-24,-128,41,,,,
71,Blue Star,BLUESTARCO,,25,26,86,14,-20,41,74,13,1,33,-31,8,,,,
72,Bombay Burmah,BBTC,-11,-1,-12,-6,-9,-12,7,-9,-17,28,-18,38,,,,,
73,Bombay Dyeing,BOMDYEING,,3,11,-94,230,-159,1253,28,90,163,48,-129,-91,,,,
74,Bosch,BOSCHLTD,353,281,434,431,420,335,412,280,98,190,81,-120,,,,,
75,BPCL,BPCL,,2144,2689,2293,1219,495,3125,1075,1708,1261,-1361,2076,2248,,,,
76,Brigade Ent,BRIGADE,42,60,43,67,54,48,65,64,75,81,41,-3,,,,,
77,Britannia,BRITANNIA,,249,245,246,284,303,290,250,493,360,381,516,462,,,,
78,Cadila Health,CADILAHC,,306,243,310,666,363,262,79,554,282,619,398,473,,,,
79,Can Fin Homes,CANFINHOME,,66,74,73,82,75,66,81,98,107,91,93,128,,,,
80,Canara Bank,CANBK,,126,-4860,281,300,318,-552,329,365,330,-3259,406,444,,,,
81,Caplin Labs,CAPLIPOINT,,24,22,41,30,37,40,60,40,48,50,42,41,,,,
82,Capri Global,CGCL,19,29,12,27,26,33,42,32,34,40,29,35,,,,,
83,Carborundum,CARBORUNIV,,38,53,39,43,35,49,45,44,40,62,10,50,,,,
84,CARE Ratings,CARERATING,,37,40,26,46,28,35,13,37,16,14,10,38,,,,
85,Castrol,CASTROLIND,,197,182,164,150,212,185,183,188,271,125,65,205,,,,
86,CCL Products,CCL,,28,23,24,28,24,49,82,24,36,96,17,20,,,,
87,Ceat,CEATLTD,,91,85,78,75,58,78,87,49,62,56,-26,170,,,,
88,Central Bank,CENTRALBK,-750,-1664,-2114,-1522,-924,-718,-2477,118,134,155,-1529,135,,,,,
89,Century,CENTURYTEX,,90,109,163,141,86,131,77,202,57,114,-27,0,,,,
90,CenturyPlyboard,CENTURYPLY,40,47,36,45,38,41,34,48,52,19,39,-8,,,,,
91,Cera Sanitary,CERA,27,23,31,21,28,28,38,19,30,28,38,3,,,,,
92,CESC,CESC,247,153,283,184,271,173,309,217,275,176,250,134,,,,,
93,CG Consumer,CROMPTON,,70,103,104,77,80,142,123,111,161,100,74,137,,,,
94,Chalet Hotels,CHALET,,,,-22,-17,15,14,14,10,33,24,-32,,,,,
95,Chambal Fert,CHAMBLFERT,,149,50,155,145,153,92,236,375,409,204,314,416,,,,
96,Chennai Petro,CHENNPETRO,,386,178,156,27,-367,-29,-233,-213,6,-1638,272,291,,,,
97,Cholamandalam,CHOLAFIN,,219,285,285,305,304,292,314,307,389,43,431,432,,,,
98,Cholamandalam,CHOLAHLDNG,,1,34,2,28,2,34,3,17,38,25,-3,-3,,,,
99,Cipla,CIPLA,566,419,225,391,568,295,634,694,737,282,605,610,,,,,
100,City Union Bank,CUB,,155,152,162,168,178,175,186,194,192,-95,154,158,,,,
101,Coal India,COALINDIA,119,121,9021,68,612,5474,4316,83,107,459,10632,12,,,,,
102,Cochin Shipyard,COCHINSHIP,100,114,92,106,148,130,98,120,208,171,139,43,,,,,
103,COFORGE LTD.,COFORGE,,40,36,136,53,47,63,112,58,135,117,108,45,,,,
104,Colgate,COLPAL,,171,189,190,196,192,198,169,244,199,204,198,274,,,,
105,Container Corp,CONCOR,,277,292,252,336,275,352,228,-322,175,294,62,188,,,,
106,Coromandel Int,COROMANDEL,,180,85,88,366,153,107,62,503,263,231,248,582,,,,
107,CreditAccess Gr,CREDITACC,61,64,72,72,73,100,76,96,101,108,23,64,,,,,
108,CRISIL,CRISIL,,64,63,55,65,94,51,46,115,54,81,69,80,,,,
109,Cummins,CUMMINSIND,,172,161,183,212,187,141,142,183,186,118,53,146,,,,
110,Cyient,CYIENT,,144,100,79,152,74,136,68,88,92,-1,91,65,,,,
111,Dabur India,DABUR,,265,354,231,307,312,414,258,326,330,257,289,393,,,,
112,Dalmia Bharat,DALBHARAT,,20,16,14,8,38,40,7,48,8,72,6,5,,,,
113,DB Corp,DBCORP,,78,57,98,46,76,54,94,76,82,24,-48,29,,,,
114,DCB Bank,DCBBANK,,57,64,70,73,86,96,81,91,97,69,79,82,,,,
115,DCM Shriram,DCMSHRIRAM,,221,62,219,175,224,288,214,125,191,213,62,115,,,,
116,Deepak Fert,DEEPAKFERT,,29,54,8,9,1,-10,-7,7,25,5,89,37,,,,
117,Deepak Nitrite,DEEPAKNTR,,20,20,22,28,32,57,107,179,142,116,64,92,,,,
118,Delta Corp,DELTACORP,30,27,29,29,64,37,54,44,45,44,-33,42,,,,,
119,Dhanuka Agritec,DHANUKA,,29,29,16,55,15,27,15,60,28,39,52,70,,,,
120,Dilip Buildcon,DBL,116,165,217,255,83,207,220,125,58,127,115,34,,,,,
121,Dish TV,DISHTV,,246,-215,22,32,41,-1385,-59,-51,20,-1304,55,59,,,,
122,Dishman Carboge,DCAL,22,12,11,5,25,-3,29,4,33,-2,4,-45,,,,,
123,Divis Labs,DIVISLAB,207,225,262,266,398,379,289,267,353,361,392,492,,,,,
124,Dixon Technolog,DIXON,,15,14,13,16,14,14,20,38,22,30,2,48,,,,
125,DLF,DLF,,-59,300,-22,252,204,253,783,1957,602,-1077,-40,398,,,,
126,Dr Lal PathLab,LALPATHLAB,50,35,40,50,55,44,46,57,80,51,35,29,,,,,
127,Dr Reddys Labs,DRREDDY,,297,177,329,346,399,203,548,1365,522,503,950,481,,,,
128,eClerx Services,ECLERX,,64,55,52,62,39,56,34,-8,54,44,50,53,,,,
129,Edelweiss,EDELWEISS,,24,60,33,25,23,22,96,1,-13,-2,-129,8,,,,
130,Eicher Motors,EICHERMOT,486,472,260,591,481,501,480,498,570,489,346,12,,,,,
131,EID Parry,EIDPARRY,80,-83,122,54,11,-31,129,-53,6,-20,69,226,,,,,
132,EIH,EIHOTEL,,43,56,10,26,64,13,-7,41,75,16,-118,-115,,,,
133,Emami,EMAMILTD,,149,50,40,79,138,49,83,96,148,-37,67,115,,,,
134,Endurance Techn,ENDURANCE,73,49,82,90,95,63,110,129,137,90,72,-32,,,,,
135,EngineersInd,ENGINERSIN,119,108,69,87,98,91,95,124,68,109,130,48,,,,,
136,EPL,EPL,20,20,24,19,13,17,15,15,-3,60,34,4,,,,,
137,Equitas Holding,EQUITAS,3,3,2,3,3,3,1,3,1,2,1,3,,,,,
138,Esab India,ESABINDIA,,10,9,15,14,12,16,17,19,18,18,7,18,,,,
139,Escorts,ESCORTS,,92,113,121,103,140,121,87,105,153,140,92,230,,,,
140,Exide Ind,EXIDEIND,136,154,190,210,268,155,211,224,237,196,168,44,,,,,
141,FDC,FDC,65,43,32,51,43,44,34,52,63,73,58,91,,,,,
142,Federal Bank,FEDERALBNK,,260,145,263,266,334,382,384,417,441,301,401,308,,,,
143,Fine Organics,FINEORG,,29,36,37,32,34,27,37,59,37,34,29,29,,,,
144,Finolex Cables,FINCABLES,100,75,82,90,93,76,85,82,123,81,117,35,,,,,
145,Finolex Ind,FINPIPE,,70,121,103,76,79,91,72,103,93,56,55,120,,,,
146,Firstsource Sol,FSL,44,51,46,47,40,46,66,49,30,52,51,61,,,,,
147,Force Motors,FORCEMOT,42,15,61,41,40,27,39,27,8,15,8,-63,,,,,
148,Fortis Health,FORTIS,2,-1,-64,-14,-6,-49,192,472,-13,46,8,20,,,,,
149,Future Consumer,FCONSUMER,9,7,11,11,-2,17,35,12,14,15,-346,-37,,,,,
150,Future Retail,FRETAIL,153,183,-464,153,175,201,203,162,171,171,-471,-553,,,,,
151,GAIL,GAIL,1310,1262,1021,1259,1963,1681,1122,1288,1064,1251,3018,256,,,,,
152,Galaxy Surfacta,GALAXYSURF,32,26,27,41,54,34,40,37,63,37,46,34,,,,,
153,Garden Reach Sh,GRSE,,5,69,8,13,47,34,25,59,30,50,0,,,,,
154,Garware Technic,GARFIBRES,,22,29,31,33,25,37,30,46,29,73,18,46,,,,
155,Gateway Distri,GDL,,10,8,19,5,29,35,42,-10,-6,35,83,10,,,,
156,GE Power India,GEPIL,7,-42,52,2,5,41,27,-9,-22,101,15,-18,,,,,
157,GE Shipping,GESHIP,,55,-13,-233,-186,264,136,-50,5,339,-13,465,216,,,,
158,General Insuran,GICRE,1419,673,752,771,514,336,603,109,-595,-1070,1197,-557,,,,,
159,Gillette India,GILLETTE,64,59,71,35,65,54,88,46,62,71,52,45,,,,,
160,GlaxoSmithKline,GLAXO,,90,106,89,101,113,123,113,503,-644,138,111,76,,,,
161,Glenmark,GLENMARK,328,194,222,397,748,196,281,228,432,346,349,462,,,,,
162,GMM Pfaudler,GMMPFAUDLR,,7,8,9,10,11,11,15,18,19,10,16,25,,,,
163,GMR Infra,GMRINFRA,-276,-571,-251,-97,-107,-253,-582,-215,-227,-220,-817,-235,,,,,
164,GNFC,GNFC,166,228,329,186,296,166,94,66,82,112,239,2,,,,,
165,Godfrey Phillip,GODFRYPHLP,59,62,43,57,70,78,35,115,115,109,48,52,,,,,
166,Godrej Agrovet,GODREJAGRO,,34,20,73,89,28,18,68,101,45,79,86,83,,,,
167,Godrej Consumer,GODREJCP,,299,295,220,296,332,907,240,335,365,240,272,351,,,,
168,Godrej Ind,GODREJIND,17,238,-48,64,38,50,-247,-12,33,9,1,-71,,,,,
169,Godrej Prop,GODREJPROP,,-7,34,-11,26,5,188,130,96,70,96,4,11,,,,
170,Granules India,GRANULES,,34,34,40,41,40,41,60,94,88,202,125,154,,,,
171,Graphite India,GRAPHITE,90,341,454,858,912,609,427,195,167,-356,25,-13,,,,,
172,Grasim,GRASIM,574,474,373,643,-1187,608,451,202,526,185,357,-269,,,,,
173,Greaves Cotton,GREAVESCOT,,56,57,40,49,43,37,38,45,54,10,-24,-18,,,,
174,Grindwell Norto,GRINDWELL,,39,44,42,40,41,41,42,52,44,45,28,64,,,,
175,GSFC,GSFC,,200,156,71,224,99,100,63,56,-73,53,32,171,,,,
176,Guj Alkali,GUJALKALI,106,112,221,183,174,162,170,159,102,60,12,32,,,,,
177,Guj Heavy Chem,GHCL,,71,82,62,78,102,119,103,122,101,80,17,78,,,,
178,Guj Mineral,GMDCLTD,113,79,100,187,-222,50,124,96,39,28,40,137,,,,,
179,Guj State Petro,GSPL,177,182,157,144,323,174,153,206,455,222,226,199,,,,,
180,Gujarat Fluoro,FLUOROCHEM,,,,,128,,581,,17,33,29,,,,,,
181,Gujarat Gas,GUJGASLTD,,60,66,121,41,138,117,234,517,197,246,59,475,,,,
182,Gujarat Pipavav,GPPL,44,50,49,47,55,52,51,56,68,120,48,46,,,,,
183,Gulf Oil Lubric,GULFOILLUB,40,42,41,40,40,50,48,49,62,56,36,17,,,,,
184,Hathway Cable,HATHWAY,,24,13,-3,-6,6,213,20,3,-19,13,44,27,,,,
185,Havells India,HAVELLS,,194,226,210,179,196,201,176,180,199,177,63,325,,,,
186,HCL Tech,HCLTECH,,1969,1841,1986,2154,2014,2031,1791,2245,2444,2503,2360,2530,,,,
187,HDFC,HDFC,,5300,2257,2190,2467,2114,2862,3203,3962,8372,2233,3052,2870,,,,
188,HDFC AMC,HDFCAMC,,195,172,205,206,243,276,292,368,353,250,302,338,,,,
189,HDFC Bank,HDFCBANK,,4643,4799,4601,5006,5586,5885,5568,6345,7416,6928,6659,7513,,,,
190,HDFC Life,HDFCLIFE,,207,347,380,287,246,364,425,309,250,312,451,326,,,,
191,HEG,HEG,114,342,634,770,889,867,524,234,179,6,-366,11,,,,,
192,Heidelberg Cem,HEIDELBERG,,32,52,51,50,59,61,79,58,65,66,49,62,,,,
193,Heritage Foods,HERITGFOOD,,15,21,20,20,20,24,22,14,15,-210,94,1,,,,
194,Hero Motocorp,HEROMOTOCO,,805,967,909,976,769,730,1257,875,880,621,61,953,,,,
195,HFCL,HFCL,,45,59,44,40,48,51,89,63,50,2,21,45,,,,
196,Himadri Special,HSCL,51,70,71,77,78,84,72,75,51,17,-62,-9,,,,,
197,Himatsingka Sei,HIMATSEIDE,52,53,60,54,60,56,67,57,58,21,11,-53,,,,,
198,Hind Copper,HINDCOPPER,29,19,22,35,35,35,40,21,19,-96,-514,29,,,,,
199,Hind Zinc,HINDZINC,,2298,2505,1918,1815,2211,2012,1765,2081,1620,1339,1359,1940,,,,
200,Hindalco,HINDALCO,393,377,377,414,309,247,236,23,78,193,326,-40,,,,,
201,Hindustan Aeron,HAL,68,549,1041,361,289,455,1241,566,624,425,1226,151,,,,,
202,Honeywell Autom,HONAUT,74,62,58,92,97,86,84,114,120,145,111,98,,,,,
203,HPCL,HINDPETRO,,1950,1748,1719,1092,248,2970,811,1052,747,27,2814,2477,,,,
204,HUDCO,HUDCO,266,259,324,333,282,328,236,336,726,206,441,203,,,,,
205,HUL,HINDUNILVR,,1326,1351,1529,1525,1444,1538,1755,1848,1616,1519,1881,2009,,,,
206,ICICI Bank,ICICIBANK,,1650,1020,-120,909,1605,969,1908,655,4146,1221,2599,4251,,,,
207,ICICI Lombard,ICICIGI,,232,212,289,293,239,228,310,308,294,282,398,416,,,,
208,ICICI Prudentia,ICICIPRULI,,452,341,282,301,297,261,285,302,302,179,288,303,,,,
209,ICICI Securitie,ISEC,,154,147,131,133,102,121,113,134,136,154,194,278,,,,
210,IDBI Bank,IDBI,,-1524,-5663,-2410,-3602,-4185,-4918,-3801,-3459,-5763,135,144,324,,,,
211,IDFC,IDFC,147,2,31,3,125,26,-26,26,3,106,-70,-10,,,,,
212,IDFC First Bank,IDFCFIRSTB,,146,42,182,-370,-1538,-218,-617,-680,-1639,72,94,101,,,,
213,IEX,IEX,,36,31,42,43,43,38,40,49,42,47,43,47,,,,
214,IFB Industries,IFBIND,,19,21,14,35,19,6,10,22,14,-18,-43,32,,,,
215,IFCI,IFCI,-294,-546,1031,-341,-17,-49,-38,-10,9,313,-590,-296,,,,,
216,IGL,IGL,169,166,175,176,187,198,226,218,381,284,253,32,,,,,
217,IIFL Finance,IIFL,,33,132,-1,-1,22,196,83,-16,65,17,16,41,,,,
218,India Cements,INDIACEM,,15,35,21,1,3,44,72,9,-5,-111,17,71,,,,
219,India Tourism D,ITDC,-8,13,-6,7,8,6,20,1,0,10,11,-14,,,,,
220,Indiabulls Hsg,IBULHSGFIN,804,632,1000,968,933,953,875,579,510,377,694,167,,,,,
221,Indiabulls Real,IBREALEST,38,-21,-7,-28,44,-37,127,-56,-100,-30,102,-72,,,,,
222,Indiamart Inter,INDIAMART,,,,-55,21,29,18,33,10,64,40,76,,,,,
223,Indian Bank,INDIANB,,303,132,209,150,152,-190,365,359,247,-218,369,412,,,,
224,Indian Hotels,INDHOTEL,,93,65,-17,-22,138,165,22,119,168,92,-239,-142,,,,
225,Indoco Remedies,INDOCO,20,23,20,-12,-8,5,12,2,7,9,5,17,,,,,
226,Indostar Capita,INDOSTAR,,43,46,38,71,75,71,35,46,-1,-420,43,28,,,,
227,IndusInd Bank,INDUSINDBK,,936,953,1036,920,985,360,1432,1383,1300,302,461,647,,,,
228,Infibeam Avenue,INFIBEAM,1,2,-2,-14,-5,27,31,10,10,11,7,3,,,,,
229,Info Edge,NAUKRI,79,53,-14,63,78,74,66,67,9,88,42,83,,,,,
230,Infosys,INFY,,6004,3157,3503,3879,3501,3820,3569,3829,4076,4069,4008,4497,,,,
231,INOX Leisure,INOXLEISUR,,13,58,37,12,36,48,27,35,35,-82,-74,-68,,,,
232,Interglobe Avi,INDIGO,,762,118,28,-652,191,590,1200,-1066,490,-873,-2849,-1195,,,,
233,IOB,IOB,-1222,-971,-3607,-919,-487,-346,-1985,-342,-2254,-6075,144,121,,,,,
234,IOC,IOC,,7883,5218,6831,3247,717,6099,3596,563,2339,-5185,1911,6227,,,,
235,Ipca Labs,IPCALAB,96,106,51,66,120,160,109,132,196,197,128,454,,,,,
236,IRB Infra,IRB,121,75,128,71,127,47,83,55,100,67,57,17,,,,,
237,Ircon Internati,IRCON,33,112,216,163,84,103,96,141,88,138,122,40,,,,,
238,IRCTC,IRCTC,,,,,,74,84,72,,206,151,-25,,,,,
239,ITC,ITC,2640,3090,2933,2819,2955,3209,3482,3174,4023,4142,3797,2343,,,,,
240,ITI,ITI,46,76,108,3,8,14,69,-61,7,168,36,-102,,,,,
241,IWML,IIFLWAM,,,,47,130,-16,-9,-30,183,-3,43,17,346,,,,
242,J. K. Cement,JKCEMENT,93,73,96,49,65,61,150,154,109,138,0,78,,,,,
243,JagranPrakashan,JAGRAN,,77,49,76,34,56,54,59,97,78,28,-19,26,,,,
244,Jai Corp,JAICORPLTD,7,5,11,14,8,4,-4,4,16,3,4,-2,,,,,
245,Jamna Auto,JAMNAAUTO,,32,46,41,36,31,32,21,5,11,11,-12,9,,,,
246,JB Chemicals,JBCHEPHARM,52,34,22,42,51,46,42,59,96,62,51,122,,,,,
247,Jindal (Hisar),JSLHISAR,,134,96,79,62,55,66,84,82,60,94,-50,111,,,,
248,Jindal Saw,JINDALSAW,60,96,165,95,102,150,153,146,303,120,26,10,,,,,
249,Jindal Stainles,JSL,,135,115,91,-36,52,32,67,52,56,-22,-86,98,,,,
250,Jindal Steel,JINDALSTEL,,-74,145,332,383,177,-1154,224,15,97,282,505,998,,,,
251,JK Bank,J&KBANK,72,72,28,53,94,104,215,22,-917,50,-294,7,,,,,
252,JK Lakshmi Cem,JKLAKSHMI,,9,34,14,8,15,43,39,46,49,101,44,81,,,,
253,JK Paper,JKPAPER,,70,74,95,110,120,112,136,133,132,91,25,68,,,,
254,JK Tyre & Ind,JKTYRE,,29,77,68,77,34,26,17,197,22,-8,-75,69,,,,
255,JM Financial,JMFINANCIL,,18,109,-1,78,2,33,-10,49,32,56,10,68,,,,
256,Johnson Control,JCHAC,,-2,40,51,0,-8,42,64,-1,13,7,-23,-19,,,,
257,JSW Energy,JSWENERGY,,52,-619,39,71,114,28,75,65,263,95,28,35,,,,
258,JSW Steel,JSWSTEEL,,1126,2235,2338,2251,1922,1727,1439,2917,691,242,-146,1692,,,,
259,JTEKT India,JTEKTINDIA,7,6,23,13,19,12,24,7,9,5,7,-36,,,,,
260,Jubilant Food,JUBLFOOD,48,66,68,75,78,97,74,75,76,104,21,-73,,,,,
261,Jubilant Life,JUBILANT,,98,86,24,80,37,7,32,143,35,111,52,63,,,,
262,Just Dial,JUSTDIAL,,29,39,39,48,57,63,57,77,62,76,83,47,,,,
263,Jyothy Labs,JYOTHYLAB,,37,60,32,45,48,67,36,53,43,26,50,61,,,,
264,Kajaria Ceramic,KAJARIACER,,60,66,50,62,66,68,57,100,66,55,1,84,,,,
265,Kalpataru Power,KALPATPOWR,,75,105,81,91,92,137,92,127,137,107,69,159,,,,
266,Kansai Nerolac,KANSAINER,,125,106,140,122,113,93,148,193,123,71,43,159,,,,
267,Karnataka Bank,KTKBANK,,87,11,163,112,140,62,175,106,123,27,196,119,,,,
268,KEC Intl,KEC,,102,179,73,99,115,211,86,133,146,182,90,140,,,,
269,KEI Industries,KEI,,39,50,32,41,48,60,46,76,72,61,36,68,,,,
270,KNR Construct,KNRCON,59,66,80,74,45,52,92,48,70,40,67,40,,,,,
271,Kotak Mahindra,KOTAKBANK,,1053,1124,1025,1142,1291,1408,1360,1724,1596,1267,1244,2184,,,,
272,KPIT Tech,KPITTECH,,,,0,,-2,77,31,86,34,27,15,27,,,,
273,KPR Mill,KPRMILL,,61,55,77,82,70,60,74,99,81,40,40,110,,,,
274,KRBL,KRBL,129,124,96,101,158,108,137,136,114,159,150,126,,,,,
275,KSB Pumps,KSB,,27,11,21,16,25,16,28,24,30,16,8,44,,,,
276,L&T Finance,L&TFH,,-20,322,10,34,-4,227,-30,-18,-25,340,126,-41,,,,
277,L&T Infotech,LTI,,267,321,347,405,363,360,382,388,366,416,397,430,,,,
278,L&T Technology,LTTS,,120,148,144,190,181,185,198,203,198,191,114,179,,,,
279,La Opala RG,LAOPALA,24,23,14,14,22,22,16,20,25,25,14,-3,,,,,
280,Lakshmi Machine,LAXMIMACH,,56,61,50,40,62,37,14,17,6,7,-19,8,,,,
281,Larsen,LT,,1222,2445,912,1754,1635,2350,1392,1925,1246,2255,307,6717,,,,
282,Laurus Labs,LAURUSLABS,,36,46,16,18,17,44,17,60,78,113,159,238,,,,
283,Lemon Tree Hote,LEMONTREE,1,8,10,5,8,12,38,3,6,15,8,-11,,,,,
284,LIC Housing Fin,LICHSGFIN,514,475,594,568,573,596,694,611,772,598,421,817,,,,,
285,Linde India,LINDEINDIA,10,10,2,5,10,15,36,20,37,634,39,20,,,,,
286,Lupin,LUPIN,,309,292,429,425,142,543,446,138,-81,225,364,360,,,,
287,Lux Industries,LUXIND,13,18,30,18,21,24,38,20,42,33,31,31,,,,,
288,M&M,M&M,1332,1216,1059,1221,1649,1077,849,2314,1213,307,-2502,112,,,,,
289,Mah Scooters,MAHSCOOTER,,0,1,2,65,6,1,2,69,2,107,1,2,,,,
290,Mah Seamless,MAHSEAMLES,34,39,88,100,88,93,-19,91,196,76,-384,66,,,,,
291,Mahanagar Gas,MGL,125,124,105,128,136,148,133,170,271,186,167,45,,,,,
292,Mahindra Holida,MHRIL,,32,39,14,14,21,14,18,18,25,-169,27,34,,,,
293,Mahindra Life,MAHLIFE,,13,16,15,22,15,6,10,30,-12,-253,-12,7,,,,
294,Mahindra Logist,MAHLOG,,14,20,24,19,19,23,19,11,16,10,-14,14,,,,
295,Manappuram Fin,MANAPPURAM,171,169,167,171,194,212,214,220,336,334,340,369,,,,,
296,Marico,MARICO,,240,120,214,225,261,430,251,259,269,227,255,313,,,,
297,Maruti Suzuki,MARUTI,,1799,1882,1975,2240,1489,1796,1436,1359,1565,1292,-249,1372,,,,
298,MAS Financial S,MASFIN,24,30,32,30,35,45,42,41,47,55,36,36,,,,,
299,Max Financial,MFSL,,99,-15,75,-56,140,-110,172,-27,62,67,-22,38,,,,
300,MCX India,MCX,,18,34,6,34,38,58,40,63,48,57,50,44,,,,
301,Meghmani Organi,MEGH,29,17,12,85,31,22,30,28,62,35,68,29,,,,,
302,Metropolis,METROPOLIS,,,,19,20,23,40,18,32,32,30,2,,,,,
303,Minda Corp,MINDACORP,,16,17,28,53,38,41,28,40,42,-351,-29,27,,,,
304,Minda Ind,MINDAIND,43,33,36,27,46,28,48,32,34,26,5,-53,,,,,
305,Mindtree,MINDTREE,,141,182,158,206,191,198,93,135,197,206,213,254,,,,
306,Mishra Dhatu Ni,MIDHANI,19,26,77,13,21,17,80,23,36,61,40,-1,,,,,
307,MMTC Ltd,MMTC,12,6,13,10,32,28,12,20,24,1,-271,-94,,,,,
308,MOIL,MOIL,,104,128,113,105,120,135,91,89,55,13,2,7,,,,
309,Motherson Sumi,MOTHERSUMI,272,175,242,188,273,142,211,172,174,167,386,-125,,,,,
310,Motilal Oswal,MOTILALOFS,,162,-1,62,23,83,155,63,152,91,-109,90,180,,,,
311,MphasiS,MPHASIS,,183,219,171,189,219,191,206,210,268,521,200,279,,,,
312,MRF,MRF,300,341,345,261,263,279,294,269,220,237,669,17,,,,,
313,MRPL,MRPL,,970,542,362,-81,-268,319,-500,-574,-37,-1596,-520,37,,,,
314,Muthoot Finance,MUTHOOTFIN,,479,508,492,484,485,512,530,858,815,815,841,894,,,,
315,NALCO,NATIONALUM,235,722,257,687,510,302,234,98,-28,-34,103,17,,,,,
316,Narayana Hruda,NH,,18,4,1,11,16,23,21,28,14,5,-57,-48,,,,
317,Natco Pharma,NATCOPHARM,87,217,296,189,193,162,123,148,122,104,101,127,,,,,
318,Nava Bharat Ven,NBVENTURES,41,32,67,46,50,33,37,36,32,20,40,22,,,,,
319,Navin Fluorine,NAVINFLUOR,,48,39,40,34,39,36,39,46,45,269,52,67,,,,
320,Navneet,NAVNETEDUL,17,12,15,126,29,8,15,147,42,13,16,51,,,,,
321,NBCC (India),NBCC,74,62,142,68,86,78,153,25,-29,35,49,8,,,,,
322,NCC,NCC,20,100,103,104,126,160,174,81,80,110,110,17,,,,,
323,NESCO,NESCO,48,44,43,36,49,42,51,38,74,69,53,51,,,,,
324,Nestle,NESTLEIND,,312,424,395,446,342,463,438,595,473,525,487,587,,,,
325,Network 18,NETWORK18,,28,-22,-78,-431,-53,-73,-326,-56,-41,-49,-46,-29,,,,
326,New India Assur,NIACL,748,617,336,635,329,-114,-271,278,530,483,127,286,,,,,
327,NHPC,NHPC,1019,688,200,738,1219,182,492,881,1339,404,383,723,,,,,
328,Nilkamal,NILKAMAL,,33,34,31,25,28,28,30,43,28,21,-26,50,,,,
329,Nippon,NAM-INDIA,,128,115,109,111,110,145,123,134,144,12,150,141,,,,
330,NLC India,NLCINDIA,327,314,892,320,328,329,290,323,337,362,392,293,,,,,
331,NMDC,NMDC,844,887,1106,975,636,1577,1454,1179,703,1376,351,533,,,,,
332,NOCIL,NOCIL,38,45,51,51,53,45,36,33,55,21,22,12,,,,,
333,NTPC,NTPC,,2361,2926,2588,2426,2385,4350,2603,3262,2995,1252,2470,3505,,,,
334,Oberoi Realty,OBEROIRLTY,,93,95,246,90,55,63,71,121,76,47,32,96,,,,
335,Oil India,OIL,646,705,866,703,862,1233,-209,625,627,406,926,-249,,,,,
336,Omaxe,OMAXE,15,16,17,3,5,4,11,6,8,4,-112,-41,,,,,
337,ONGC,ONGC,5131,5015,5915,6144,8265,8263,4240,5904,6263,4226,-3098,496,,,,,
338,Oracle Fin Serv,OFSS,,226,177,374,322,290,297,347,362,371,503,456,379,,,,
339,Orient Cement,ORIENTCEM,,-18,13,16,-17,-14,62,56,-8,-6,44,26,35,,,,
340,Orient Refract,ORIENTREF,,22,27,22,22,21,25,22,26,20,19,10,20,,,,
341,P and G,PGHH,116,131,83,45,144,124,90,61,137,136,91,69,,,,,
342,Page Industries,PAGEIND,84,83,94,124,93,102,75,111,115,87,31,-40,,,,,
343,Parag Milk Food,PARAGMILK,23,24,22,26,28,31,29,27,28,27,9,2,,,,,
344,PC Jeweller,PCJEWELLER,151,163,118,142,94,138,-377,48,40,32,-42,-78,,,,,
345,Persistent,PERSISTENT,,78,103,92,90,61,72,83,107,90,127,121,118,,,,
346,Petronet LNG,PETRONET,589,529,523,587,563,565,440,560,1103,675,359,520,,,,,
347,Pfizer,PFIZER,,87,105,92,96,132,109,113,154,139,103,124,131,,,,
348,Phillips Carbon,PHILIPCARB,,57,74,98,108,109,74,65,77,70,72,2,58,,,,
349,Phoenix Mills,PHOENIXLTD,63,29,31,35,70,31,37,36,59,33,20,1,,,,,
350,PI Industries,PIIND,,81,105,82,94,107,124,101,123,120,98,132,209,,,,
351,Pidilite Ind,PIDILITIND,,239,238,267,245,225,243,288,324,330,160,57,339,,,,
352,Piramal Enter,PEL,,81,245,-1091,358,-69,-64,-41,633,37,-484,23,103,,,,
353,PNB,PNB,,230,-13417,-940,-4532,247,-4750,1019,507,-492,-697,308,621,,,,
354,PNB Housing Fin,PNBHOUSING,,229,253,235,208,267,371,368,342,235,-263,260,312,,,,
355,PNC Infratech,PNCINFRA,,93,112,103,35,47,140,100,207,77,76,60,69,,,,
356,Polycab,POLYCAB,,,186,80,92,191,138,134,192,216,219,112,212,,,,
357,Power Finance,PFC,1226,1217,796,1384,1367,2084,2118,1383,1157,1680,1435,1700,,,,,
358,Power Grid Corp,POWERGRID,2141,2041,2010,2242,2311,2332,3054,2428,2527,2673,3183,1979,,,,,
359,Prestige Estate,PRESTIGE,51,61,57,36,64,52,138,80,152,72,-42,47,,,,,
360,Prism Cement,PRSMJOHNSN,,15,63,70,7,19,50,66,-9,8,-8,-52,45,,,,
361,Procter&Gamble,PGHL,32,27,23,48,52,715,41,44,36,38,46,49,,,,,
362,PTC India,PTC,131,59,64,61,96,51,54,63,135,58,64,68,,,,,
363,PVR,PVR,,28,28,50,35,46,46,18,49,40,-76,-221,-181,,,,
364,Quess Corp,QUESS,,49,49,50,51,61,73,50,58,63,-508,0,3,,,,
365,Radico Khaitan,RADICO,,35,34,47,50,52,39,55,79,56,38,44,72,,,,
366,Rail Vikas,RVNL,186,,164,109,258,191,186,150,245,198,197,143,,,,,
367,Rain Industries,RAIN,,0,-1,28,-3,36,0,3,-1,33,-2,0,0,,,,
368,Rajesh Exports,RAJESHEXPO,114,105,110,115,115,116,97,102,115,116,70,10,,,,,
369,Rallis India,RALLIS,,33,25,8,87,13,11,8,86,37,1,92,83,,,,
370,Ramco Cements,RAMCOCEM,,123,109,125,114,101,165,192,168,95,146,110,236,,,,
371,Rashtriya Chem,RCF,11,18,30,23,18,50,48,8,-21,79,142,19,,,,,
372,Ratnamani Metal,RATNAMANI,,46,56,58,69,63,63,63,76,101,67,50,57,,,,
373,Raymond,RAYMOND,62,21,22,-13,33,27,27,-22,63,33,21,-119,,,,,
374,RBL Bank,RBLBANK,,165,178,190,205,225,247,267,54,70,114,141,144,,,,
375,REC,RECLTD,1408,1097,839,1468,1765,1275,1256,1501,1307,1642,436,1839,,,,,
376,Redington,REDINGTON,66,46,33,26,48,42,36,35,162,116,177,27,,,,,
377,Relaxo Footwear,RELAXO,,38,53,46,39,36,54,50,71,54,52,24,75,,,,
378,Reliance,RELIANCE,,8454,8697,8820,8859,8928,8556,9036,9702,9585,2580,9294,6546,,,,
379,Repco Home,REPCOHOME,70,42,33,61,67,56,52,62,101,70,48,64,,,,,
380,RITES,RITES,73,107,77,81,108,123,133,189,233,140,131,60,,,,,
381,S H Kelkar,SHK,12,23,17,10,14,9,12,7,6,10,5,3,,,,,
382,SAIL,SAIL,-539,43,816,540,554,616,468,69,-343,-430,2725,-1270,,,,,
383,Sanofi India,SANOFI,,76,82,100,119,79,93,97,127,97,85,136,133,,,,
384,SBI,SBIN,,-2416,-7718,-4876,945,3955,838,2312,3012,5583,3581,4189,4574,,,,
385,SBI Life Insura,SBILIFE,,230,381,354,251,264,458,372,130,390,531,391,300,,,,
386,Schaeffler Ind,SCHAEFFLER,,104,111,111,91,107,106,82,94,85,78,-42,113,,,,
387,Schneider Infra,SCHNEIDER,-11,-7,-23,8,-27,-6,1,-10,-24,30,-26,-29,,,,,
388,Sheela Foam,SFL,,36,32,33,22,34,34,35,52,53,26,2,47,,,,
389,Shilpa,SHILPAMED,,24,35,43,49,16,17,26,53,57,58,86,55,,,,
390,Shipping Corp,SCI,-76,82,254,-206,-143,181,46,-39,-57,284,114,317,,,,,
391,Shoppers Stop,SHOPERSTOP,,16,21,10,13,44,11,2,-5,-5,-133,-115,-102,,,,
392,Shree Cements,SHREECEM,212,333,399,279,49,301,321,363,309,310,588,371,,,,,
393,Shriram City,SHRIRAMCIT,,254,22,230,249,259,251,253,298,297,153,192,257,,,,
394,Shriram Trans,SRTRANSFIN,,542,962,573,610,635,746,634,765,879,223,320,685,,,,
395,Siemens,SIEMENS,624,191,220,204,279,228,280,248,331,263,172,-5,,,,,
396,SIS,SIS,,22,22,20,24,37,38,48,55,37,-54,15,16,,,,
397,SJVN,SJVN,435,206,133,294,430,182,459,421,620,212,399,301,,,,,
398,SKF India,SKFINDIA,,86,72,81,84,88,82,78,85,51,75,0,65,,,,
399,Sobha,SOBHA,45,45,60,43,57,71,115,91,69,76,53,7,,,,,
400,Solar Ind,SOLARINDS,24,30,42,49,38,46,58,50,72,47,44,35,,,,,
401,Somany Ceramics,SOMANYCERA,,14,24,8,5,14,20,9,5,9,-9,-17,20,,,,
402,Sonata,SONATSOFTW,39,39,44,43,46,39,45,37,46,49,79,33,,,,,
403,South Ind Bk,SOUTHBANK,,115,114,23,70,84,71,73,84,91,-144,82,65,,,,
404,SpiceJet,SPICEJET,105,240,46,-38,-389,55,56,262,-463,73,-807,-593,,,,,
405,SRF,SRF,,122,106,111,109,132,165,150,337,312,175,109,248,,,,
406,Star Cement,STARCEMENT,22,59,61,86,47,56,66,58,55,46,59,36,,,,,
407,Sterlite Techno,STLTECH,,66,99,104,108,130,193,138,160,65,71,24,49,,,,
408,Strides Pharma,STAR,,105,761,11,-14,15,99,25,47,14,26,4,14,,,,
409,Sudarshan Chem,SUDARSCHEM,,19,22,95,30,14,12,44,43,27,34,24,28,,,,
410,SUMITOMO,SUMICHEM,,,,,,2,-1,54,128,1,23,79,158,,,,
411,Sun Pharma,SUNPHARMA,,321,505,593,-806,-39,1068,763,823,469,1156,532,725,,,,
412,Sun Pharma Adv,SPARC,-63,-58,2,-64,-3,-69,-9,-94,-63,-56,-100,57,,,,,
413,Sun TV Network,SUNTV,285,267,290,409,351,351,283,382,367,373,250,283,,,,,
414,Sundram,SUNDRMFAST,,92,95,107,111,112,107,93,71,103,47,-23,97,,,,
415,Sunteck Realty,SUNTECK,13,28,41,62,46,52,30,25,30,48,0,0,,,,,
416,Suprajit Eng,SUPRAJIT,27,26,30,26,31,30,28,25,47,40,12,-9,,,,,
417,Supreme Ind,SUPREMEIND,,99,166,145,114,89,113,74,135,134,153,43,154,,,,
418,Suzlon Energy,SUZLON,-379,3,-813,-334,-300,-285,-6494,-397,-959,-1046,-875,-506,,,,,
419,Swan Energy,SWANENERGY,1,0,68,34,1,0,-33,2,1,1,1,-5,,,,,
420,Symphony,SYMPHONY,51,67,42,5,34,43,19,26,57,58,45,1,,,,,
421,Syngene Intl,SYNGENE,,82,84,66,78,87,100,72,128,92,120,58,84,,,,
422,Tamil Newsprint,TNPL,-13,27,33,25,7,50,13,77,22,30,2,-20,,,,,
423,Tasty Bite,TASTYBITE,8,7,8,6,9,7,8,8,11,14,9,1,,,,,
424,Tata Chemicals,TATACHEM,,366,1029,256,295,128,239,254,199,116,6355,109,135,,,,
425,Tata Coffee,TATACOFFEE,,10,4,13,30,16,12,14,30,24,4,10,22,,,,
426,Tata Comm,TATACOMM,,122,191,71,33,61,-607,167,75,114,-147,174,399,,,,
427,TATA Cons. Prod,TATACONSUM,120,208,53,148,120,90,53,154,100,143,71,232,,,,,
428,Tata Elxsi,TATAELXSI,,63,70,70,82,66,71,49,50,75,82,69,79,,,,
429,Tata Inv Corp,TATAINVEST,,20,15,22,91,15,19,19,77,12,11,12,72,,,,
430,Tata Metaliks,TATAMETALI,,40,55,30,48,40,64,20,23,46,77,-12,82,,,,
431,Tata Motors,TATAMOTORS,,212,-500,1188,109,618,106,-97,-1282,-1040,-4871,-2191,-1212,,,,
432,Tata Power,TATAPOWER,52,519,-3939,1134,265,271,69,297,155,7,-310,45,,,,,
433,Tata Steel,TATASTEEL,1294,1338,1031,2318,3268,2456,2491,1539,3838,1804,-437,1193,,,,,
434,TCNS Clothing C,TCNSBRANDS,25,27,22,20,41,37,33,20,18,55,-24,-45,,,,,
435,TCS,TCS,,6069,6756,7136,7620,7486,7823,8714,8636,7683,8227,6096,7448,,,,
436,TeamLease Ser.,TEAMLEASE,17,18,20,21,24,25,27,20,23,27,-29,18,,,,,
437,Tech Mahindra,TECHM,,844,978,911,1336,1153,980,823,1396,923,1392,854,962,,,,
438,Thermax,THERMAX,,63,86,45,69,48,113,50,65,58,41,-2,34,,,,
439,Thyrocare Techn,THYROCARE,,22,28,25,27,22,21,30,37,30,-18,4,46,,,,
440,Time Techno,TIMETECHNO,25,30,40,24,18,34,50,25,21,32,21,-13,,,,,
441,Timken,TIMKEN,37,9,24,30,35,26,57,50,50,85,61,3,,,,,
442,Titan Company,TITAN,,308,282,349,314,416,295,371,320,470,357,-270,199,,,,
443,TML-D,TATAMTRDVR,,,,,,,,,,,,,,-458,703,-804,1251
444,Torrent Pharma,TORNTPHARM,,20,220,122,277,182,164,223,328,220,168,298,283,,,,
445,Torrent Power,TORNTPOWER,307,201,215,221,402,239,27,276,744,440,-222,366,,,,,
446,Trent,TRENT,,38,12,38,33,40,16,58,38,56,3,-139,-48,,,,
447,Trident,TRIDENT,,73,51,59,108,111,93,123,137,42,40,10,100,,,,
448,TTK Prestige,TTKPRESTIG,42,44,37,36,54,57,44,36,80,61,21,4,,,,,
449,TV TodayNetwork,TVTODAY,31,39,33,40,28,38,24,51,24,38,29,13,,,,,
450,TV18 Broadcast,TV18BRDCST,,-10,-5,-27,-17,112,18,2,-10,20,10,-17,21,,,,
451,TVS Motor,TVSMOTOR,,154,166,147,211,178,134,142,255,121,74,-139,196,,,,
452,TVS Srichakra,TVSSRICHAK,40,31,29,34,30,24,16,26,20,13,25,-35,,,,,
453,UCO Bank,UCOBANK,,-1016,-2134,-634,-1136,-999,-1552,-601,-892,-960,17,21,30,,,,
454,Uflex,UFLEX,37,10,11,15,19,4,14,14,15,87,27,41,,,,,
455,Ujjivan Financi,UJJIVAN,1,0,0,-1,0,11,11,1,11,0,-3,1,,,,,
456,UltraTechCement,ULTRACEMCO,,421,488,598,371,433,1057,1267,639,643,2906,806,1209,,,,
457,Union Bank,UNIONBANK,-1531,-1250,-2583,130,139,153,-3369,224,-1194,575,-2503,333,,,,,
458,United Brewerie,UBL,94,47,91,222,164,109,68,165,115,106,41,-114,,,,,
459,UPL,UPL,,145,-107,133,348,10,-86,13,429,145,-126,149,104,,,,
460,V-Guard Ind,VGUARD,,36,28,34,38,34,59,52,57,43,33,4,50,,,,
461,V-Mart Retail,VMART,3,37,16,25,-4,42,-1,18,-18,58,-8,-34,,,,,
462,Va Tech Wabag,WABAG,31,41,26,12,26,26,39,20,18,20,1,4,,,,,
463,Vaibhav Global,VAIBHAVGBL,,11,3,10,5,7,10,8,8,4,106,0,13,,,,
464,Vakrangee,VAKRANGEE,,237,71,13,1,1,5,6,10,20,28,9,10,,,,
465,Vardhman Text,VTL,,116,159,146,196,189,165,104,120,189,133,-58,50,,,,
466,Varroc Engineer,VARROC,23,18,17,26,47,38,8,19,24,24,32,-31,,,,,
467,Varun Beverages,VBL,,-69,34,289,64,-54,55,382,65,-54,77,122,79,,,,
468,Vedanta,VEDL,471,679,6072,130,26,4878,39,-250,2913,891,-10286,2964,,,,,
469,Venkys,VENKEYS,27,69,51,71,5,68,30,62,14,-6,-97,47,,,,,
470,Vinati Organics,VINATIORGA,,32,52,64,65,71,83,82,110,67,75,72,62,,,,
471,VIP Industries,VIPIND,24,24,32,60,31,20,18,38,30,27,-6,-42,,,,,
472,Vodafone Idea,IDEA,,-1416,-1173,892,-4988,-5033,-4926,-5038,-49727,-6418,-11949,-25334,-7216,,,,
473,Voltas,VOLTAS,96,70,177,128,148,62,126,147,158,88,177,103,,,,,
474,VRL Logistics,VRLLOG,22,25,12,24,21,27,21,27,35,26,2,-63,,,,,
475,VST,VSTIND,,50,48,61,57,55,53,76,76,81,71,76,89,,,,
476,WABCO India,WABCOINDIA,,64,77,75,96,60,52,55,34,39,32,-31,35,,,,
477,Welspun Corp,WELCORP,,10,22,21,-11,-7,-281,154,-8,69,54,553,135,,,,
478,Welspun India,WELSPUNIND,,85,73,88,60,38,-44,155,163,97,60,55,150,,,,
479,Westlife Dev,WESTLIFE,0,0,0,0,0,0,0,0,0,0,0,0,,,,,
480,Whirlpool,WHIRLPOOL,,53,91,164,79,61,104,191,125,73,87,16,129,,,,
481,Wipro,WIPRO,,1804,1757,1922,1607,2518,1566,2014,2247,2261,2158,2193,2244,,,,
482,Wockhardt,WOCKPHARMA,,-28,172,-15,5,-38,-34,-83,0,-70,-78,766,-57,,,,
483,Zee Entertain,ZEEL,,389,621,366,377,603,308,512,198,334,-296,64,172,,,,
484,Zensar Tech,ZENSARTECH,,38,58,59,83,33,83,48,64,49,71,65,64,,,,
485,Zydus Wellness,ZYDUSWELL,,36,36,26,41,40,-10,-19,-12,-4,-6,-17,-22,,,,
